name_printed,common_printed,volume,plate,image_url,page_url,notes
Cypripedium montanum Douglas,Mountain Ladyslipper,1,1,https://www.biodiversitylibrary.org/pageimage/42602767,https://www.biodiversitylibrary.org/page/42602767,BHL item 135496 (Quarto ed.); IA NorthAmericanwiIWalc leaf n102
Calochortus elegans Lindley,Pussy-ears,1,2,https://www.biodiversitylibrary.org/pageimage/42602769,https://www.biodiversitylibrary.org/page/42602769,BHL item 135496 (Quarto ed.); IA NorthAmericanwiIWalc leaf n104
Oxytropis gracilis (Nelson) Jones,False Locoweed,1,3,https://www.biodiversitylibrary.org/pageimage/42602771,https://www.biodiversitylibrary.org/page/42602771,BHL item 135496 (Quarto ed.); IA NorthAmericanwiIWalc leaf n106
Ibidium cernuum (Linnaeus) House,Nodding Ladies-tresses,1,4,https://www.biodiversitylibrary.org/pageimage/42602773,https://www.biodiversitylibrary.org/page/42602773,composite: 2 species on one plate (Nodding and Slender Ladies-tresses); BHL item 135496 (Quarto ed.); IA NorthAmericanwiIWalc leaf n108
Ibidium gracile (Bigelow) House,Slender Ladies-tresses,1,4,https://www.biodiversitylibrary.org/pageimage/42602773,https://www.biodiversitylibrary.org/page/42602773,composite: 2 species on one plate (Nodding and Slender Ladies-tresses); BHL item 135496 (Quarto ed.); IA NorthAmericanwiIWalc leaf n108
Capnoides sempervirens (Linnaeus) Borkhausen,Pink Fumeroot,1,5,https://www.biodiversitylibrary.org/pageimage/42602775,https://www.biodiversitylibrary.org/page/42602775,BHL item 135496 (Quarto ed.); IA NorthAmericanwiIWalc leaf n110
Lupinus perennis Linnaeus,Sun-dial Lupine,1,6,https://www.biodiversitylibrary.org/pageimage/42602777,https://www.biodiversitylibrary.org/page/42602777,BHL item 135496 (Quarto ed.); IA NorthAmericanwiIWalc leaf n112
Vaccinium membranaceum Douglas,Big Whortleberry,1,7,https://www.biodiversitylibrary.org/pageimage/42602779,https://www.biodiversitylibrary.org/page/42602779,BHL item 135496 (Quarto ed.); IA NorthAmericanwiIWalc leaf n114
Gentiana porphyrio Gmelin,Pinebarren Gentian,1,8,https://www.biodiversitylibrary.org/pageimage/42602781,https://www.biodiversitylibrary.org/page/42602781,BHL item 135496 (Quarto ed.); IA NorthAmericanwiIWalc leaf n116
Lygodesmia juncea (Pursh) Don,Skeletonflower,1,9,https://www.biodiversitylibrary.org/pageimage/42602783,https://www.biodiversitylibrary.org/page/42602783,BHL item 135496 (Quarto ed.); IA NorthAmericanwiIWalc leaf n118
Arnica louiseana Farr,Lake Louise Arnica,1,10,https://www.biodiversitylibrary.org/pageimage/42602785,https://www.biodiversitylibrary.org/page/42602785,BHL item 135496 (Quarto ed.); IA NorthAmericanwiIWalc leaf n120
Lilium montanum Nelson,Red Lily,1,11,https://www.biodiversitylibrary.org/pageimage/42602787,https://www.biodiversitylibrary.org/page/42602787,BHL item 135496 (Quarto ed.); IA NorthAmericanwiIWalc leaf n122
Eriophorum chamissonis Meyer,Cottongrass,1,12,https://www.biodiversitylibrary.org/pageimage/42602789,https://www.biodiversitylibrary.org/page/42602789,BHL item 135496 (Quarto ed.); IA NorthAmericanwiIWalc leaf n124
Iris verna Linnaeus,Vernal Iris,1,13,https://www.biodiversitylibrary.org/pageimage/42602791,https://www.biodiversitylibrary.org/page/42602791,BHL item 135496 (Quarto ed.); IA NorthAmericanwiIWalc leaf n126
Syndesmon thalictroides (Linnaeus) Hoffmannsegg,Anemonella,1,14,https://www.biodiversitylibrary.org/pageimage/42602793,https://www.biodiversitylibrary.org/page/42602793,BHL item 135496 (Quarto ed.); IA NorthAmericanwiIWalc leaf n128
Erythronium albidum Nuttall,White Troutlily,1,15,https://www.biodiversitylibrary.org/pageimage/42602795,https://www.biodiversitylibrary.org/page/42602795,BHL item 135496 (Quarto ed.); IA NorthAmericanwiIWalc leaf n130
Alnus rugosa (Du Roi) Sprengel,Hazel Alder,1,16,https://www.biodiversitylibrary.org/pageimage/42602797,https://www.biodiversitylibrary.org/page/42602797,BHL item 135496 (Quarto ed.); IA NorthAmericanwiIWalc leaf n132
Befaria racemosa Ventenat,Tarflower,1,17,https://www.biodiversitylibrary.org/pageimage/42602799,https://www.biodiversitylibrary.org/page/42602799,BHL item 135496 (Quarto ed.); IA NorthAmericanwiIWalc leaf n134
Abies lasiocarpa (Hooker) Nuttall,Alpine Fir,1,18,https://www.biodiversitylibrary.org/pageimage/42602801,https://www.biodiversitylibrary.org/page/42602801,BHL item 135496 (Quarto ed.); IA NorthAmericanwiIWalc leaf n136
Shortia galacifolia Torrey and Gray,Oconee-bells,1,19,https://www.biodiversitylibrary.org/pageimage/42602803,https://www.biodiversitylibrary.org/page/42602803,BHL item 135496 (Quarto ed.); IA NorthAmericanwiIWalc leaf n138
Mertensia virginica (Linnaeus) De Candolle,Virginia Bluebells,1,20,https://www.biodiversitylibrary.org/pageimage/42602805,https://www.biodiversitylibrary.org/page/42602805,BHL item 135496 (Quarto ed.); IA NorthAmericanwiIWalc leaf n140
Astragalus bourgovii Gray,Burgess Milkvetch,1,21,https://www.biodiversitylibrary.org/pageimage/42602807,https://www.biodiversitylibrary.org/page/42602807,BHL item 135496 (Quarto ed.); IA NorthAmericanwiIWalc leaf n142
Arisaema dracontium (Linnaeus) Schott,Greendragon,1,22,https://www.biodiversitylibrary.org/pageimage/42602809,https://www.biodiversitylibrary.org/page/42602809,BHL item 135496 (Quarto ed.); IA NorthAmericanwiIWalc leaf n144
Trillium sessile Linnaeus,Toad Trillium,1,23,https://www.biodiversitylibrary.org/pageimage/42602811,https://www.biodiversitylibrary.org/page/42602811,BHL item 135496 (Quarto ed.); IA NorthAmericanwiIWalc leaf n146
Magnolia grandiflora Linnaeus,Southern Magnolia (flower),1,24,https://www.biodiversitylibrary.org/pageimage/42602813,https://www.biodiversitylibrary.org/page/42602813,same species as plate 24a (fruit); BHL item 135496 (Quarto ed.); IA NorthAmericanwiIWalc leaf n148
Magnolia grandiflora Linnaeus,Southern Magnolia (fruit),1,24a,https://www.biodiversitylibrary.org/pageimage/42602815,https://www.biodiversitylibrary.org/page/42602815,same species as plate 24 (flower); bound in volume 1 after plate 24; the book's TOC also lists placeholder numbers 78-80 ('Refer to plate 24a/31a/56a'); BHL item 135496 (Quarto ed.); IA NorthAmericanwiIWalc leaf n150
Sarracenia flava Linnaeus,Trumpetleaf,1,25,https://www.biodiversitylibrary.org/pageimage/42602817,https://www.biodiversitylibrary.org/page/42602817,BHL item 135496 (Quarto ed.); IA NorthAmericanwiIWalc leaf n152
Cercis canadensis Linnaeus,Redbud,1,26,https://www.biodiversitylibrary.org/pageimage/42602819,https://www.biodiversitylibrary.org/page/42602819,BHL item 135496 (Quarto ed.); IA NorthAmericanwiIWalc leaf n154
Delphinium elongatum Rydberg,Tall Larkspur,1,27,https://www.biodiversitylibrary.org/pageimage/42602821,https://www.biodiversitylibrary.org/page/42602821,BHL item 135496 (Quarto ed.); IA NorthAmericanwiIWalc leaf n156
Rhodora canadensis Linnaeus,Rhodora,1,28,https://www.biodiversitylibrary.org/pageimage/42602823,https://www.biodiversitylibrary.org/page/42602823,BHL item 135496 (Quarto ed.); IA NorthAmericanwiIWalc leaf n158
Pontederia cordata Linnaeus,Pickerelweed,1,29,https://www.biodiversitylibrary.org/pageimage/42602825,https://www.biodiversitylibrary.org/page/42602825,BHL item 135496 (Quarto ed.); IA NorthAmericanwiIWalc leaf n160
Berberis repens Lindley,Creeping Hollygrape,1,30,https://www.biodiversitylibrary.org/pageimage/42602827,https://www.biodiversitylibrary.org/page/42602827,BHL item 135496 (Quarto ed.); IA NorthAmericanwiIWalc leaf n162
Aronia arbutifolia (Linnaeus filius) Elliott,Red Chokeberry (flower),1,31,https://www.biodiversitylibrary.org/pageimage/42602829,https://www.biodiversitylibrary.org/page/42602829,same species as plate 31a (fruit); BHL item 135496 (Quarto ed.); IA NorthAmericanwiIWalc leaf n164
Aronia arbutifolia (Linnaeus filius) Elliott,Red Chokeberry (fruit),1,31a,https://www.biodiversitylibrary.org/pageimage/42602831,https://www.biodiversitylibrary.org/page/42602831,same species as plate 31 (flower); bound in volume 1 after plate 31; the book's TOC also lists placeholder numbers 78-80 ('Refer to plate 24a/31a/56a'); BHL item 135496 (Quarto ed.); IA NorthAmericanwiIWalc leaf n166
Echinopanax horridum (Smith) Decaisne and Planchon,Devilsclub,1,32,https://www.biodiversitylibrary.org/pageimage/42602833,https://www.biodiversitylibrary.org/page/42602833,BHL item 135496 (Quarto ed.); IA NorthAmericanwiIWalc leaf n168
Iris cristata Aiton,Crested Iris,1,33,https://www.biodiversitylibrary.org/pageimage/42602835,https://www.biodiversitylibrary.org/page/42602835,BHL item 135496 (Quarto ed.); IA NorthAmericanwiIWalc leaf n170
Liparis liliifolia (Linnaeus) Richardson,Lily Twayblade,1,34,https://www.biodiversitylibrary.org/pageimage/42602837,https://www.biodiversitylibrary.org/page/42602837,BHL item 135496 (Quarto ed.); IA NorthAmericanwiIWalc leaf n172
Opuntia polyacantha Haworth,Missouri Pricklypear,1,35,https://www.biodiversitylibrary.org/pageimage/42602839,https://www.biodiversitylibrary.org/page/42602839,BHL item 135496 (Quarto ed.); IA NorthAmericanwiIWalc leaf n174
Asclepias tuberosa Linnaeus,Butterflyweed,1,36,https://www.biodiversitylibrary.org/pageimage/42602841,https://www.biodiversitylibrary.org/page/42602841,BHL item 135496 (Quarto ed.); IA NorthAmericanwiIWalc leaf n176
Spathyema foetida (Linnaeus) Rafinesque,Skunkcabbage,1,37,https://www.biodiversitylibrary.org/pageimage/42602843,https://www.biodiversitylibrary.org/page/42602843,BHL item 135496 (Quarto ed.); IA NorthAmericanwiIWalc leaf n178
Cornus stolonifera Michaux,Red-osier Dogwood,1,38,https://www.biodiversitylibrary.org/pageimage/42602845,https://www.biodiversitylibrary.org/page/42602845,BHL item 135496 (Quarto ed.); IA NorthAmericanwiIWalc leaf n180
Viola pedata Linnaeus,Birdsfoot Violet,1,39,https://www.biodiversitylibrary.org/pageimage/42602847,https://www.biodiversitylibrary.org/page/42602847,BHL item 135496 (Quarto ed.); IA NorthAmericanwiIWalc leaf n182
Tradescantia virginiana Linnaeus,Virginia Spiderwort,1,40,https://www.biodiversitylibrary.org/pageimage/42602849,https://www.biodiversitylibrary.org/page/42602849,BHL item 135496 (Quarto ed.); IA NorthAmericanwiIWalc leaf n184
Clematis viorna Linnaeus,Leatherflower,1,41,https://www.biodiversitylibrary.org/pageimage/42602851,https://www.biodiversitylibrary.org/page/42602851,BHL item 135496 (Quarto ed.); IA NorthAmericanwiIWalc leaf n186
Saxifraga oppositifolia Linnaeus,Purple Saxifrage,1,42,https://www.biodiversitylibrary.org/pageimage/42602853,https://www.biodiversitylibrary.org/page/42602853,BHL item 135496 (Quarto ed.); IA NorthAmericanwiIWalc leaf n188
Azalea lutea Linnaeus,Flame Azalea,1,43,https://www.biodiversitylibrary.org/pageimage/42602855,https://www.biodiversitylibrary.org/page/42602855,BHL item 135496 (Quarto ed.); IA NorthAmericanwiIWalc leaf n190
Cracca virginiana Linnaeus,Rabbitbean,1,44,https://www.biodiversitylibrary.org/pageimage/42602857,https://www.biodiversitylibrary.org/page/42602857,BHL item 135496 (Quarto ed.); IA NorthAmericanwiIWalc leaf n192
Liriodendron tulipifera Linnaeus,Tuliptree,1,45,https://www.biodiversitylibrary.org/pageimage/42602859,https://www.biodiversitylibrary.org/page/42602859,BHL item 135496 (Quarto ed.); IA NorthAmericanwiIWalc leaf n194
Lonicera sempervirens Linnaeus,Trumpet Honeysuckle,1,46,https://www.biodiversitylibrary.org/pageimage/42602861,https://www.biodiversitylibrary.org/page/42602861,BHL item 135496 (Quarto ed.); IA NorthAmericanwiIWalc leaf n196
Aesculus pavia Linnaeus,Red Buckeye,1,47,https://www.biodiversitylibrary.org/pageimage/42602863,https://www.biodiversitylibrary.org/page/42602863,BHL item 135496 (Quarto ed.); IA NorthAmericanwiIWalc leaf n198
Castilleja pallida (Linnaeus) Kunth,Rose Paintbrush,1,48,https://www.biodiversitylibrary.org/pageimage/42602865,https://www.biodiversitylibrary.org/page/42602865,BHL item 135496 (Quarto ed.); IA NorthAmericanwiIWalc leaf n200
Dodecatheon meadia Linnaeus,Shootingstar,1,49,https://www.biodiversitylibrary.org/pageimage/42602867,https://www.biodiversitylibrary.org/page/42602867,BHL item 135496 (Quarto ed.); IA NorthAmericanwiIWalc leaf n202
Pentstemon erianthera Pursh,Prairie Pentstemon,1,50,https://www.biodiversitylibrary.org/pageimage/42602869,https://www.biodiversitylibrary.org/page/42602869,BHL item 135496 (Quarto ed.); IA NorthAmericanwiIWalc leaf n204
Malus coronaria (Linnaeus) Miller,Wild Sweet Crab,1,51,https://www.biodiversitylibrary.org/pageimage/42602871,https://www.biodiversitylibrary.org/page/42602871,BHL item 135496 (Quarto ed.); IA NorthAmericanwiIWalc leaf n206
Sarracenia purpurea Linnaeus,Pitcherplant,1,52,https://www.biodiversitylibrary.org/pageimage/42602873,https://www.biodiversitylibrary.org/page/42602873,BHL item 135496 (Quarto ed.); IA NorthAmericanwiIWalc leaf n208
Sieversia ciliata (Pursh) Don,Prairie-smoke,1,53,https://www.biodiversitylibrary.org/pageimage/42602875,https://www.biodiversitylibrary.org/page/42602875,BHL item 135496 (Quarto ed.); IA NorthAmericanwiIWalc leaf n210
Ilex verticillata (Linnaeus) Gray,Winterberry,1,54,https://www.biodiversitylibrary.org/pageimage/42602877,https://www.biodiversitylibrary.org/page/42602877,BHL item 135496 (Quarto ed.); IA NorthAmericanwiIWalc leaf n212
Azalea arborescens Pursh,Sweet Azalea,1,55,https://www.biodiversitylibrary.org/pageimage/42602879,https://www.biodiversitylibrary.org/page/42602879,BHL item 135496 (Quarto ed.); IA NorthAmericanwiIWalc leaf n214
Kruhsea streptopoides (Ledebour) Kearney,Kruhsea (flower),1,56,https://www.biodiversitylibrary.org/pageimage/42602881,https://www.biodiversitylibrary.org/page/42602881,same species as plate 56a (fruit); BHL item 135496 (Quarto ed.); IA NorthAmericanwiIWalc leaf n216
Kruhsea streptopoides (Ledebour) Kearney,Kruhsea (fruit),1,56a,https://www.biodiversitylibrary.org/pageimage/42602883,https://www.biodiversitylibrary.org/page/42602883,same species as plate 56 (flower); bound in volume 1 after plate 56; the book's TOC also lists placeholder numbers 78-80 ('Refer to plate 24a/31a/56a'); BHL item 135496 (Quarto ed.); IA NorthAmericanwiIWalc leaf n218
Arethusa bulbosa Linnaeus,Arethusa,1,57,https://www.biodiversitylibrary.org/pageimage/42602885,https://www.biodiversitylibrary.org/page/42602885,BHL item 135496 (Quarto ed.); IA NorthAmericanwiIWalc leaf n220
Cypripedium acaule Aiton,Pale Ladyslipper,1,58,https://www.biodiversitylibrary.org/pageimage/42602887,https://www.biodiversitylibrary.org/page/42602887,BHL item 135496 (Quarto ed.); IA NorthAmericanwiIWalc leaf n222
Houstonia caerulea Linnaeus,Quakerladies,1,59,https://www.biodiversitylibrary.org/pageimage/42602889,https://www.biodiversitylibrary.org/page/42602889,BHL item 135496 (Quarto ed.); IA NorthAmericanwiIWalc leaf n224
Lonicera involucrata (Richardson) Banks,Bearberry Honeysuckle,1,60,https://www.biodiversitylibrary.org/pageimage/42602891,https://www.biodiversitylibrary.org/page/42602891,BHL item 135496 (Quarto ed.); IA NorthAmericanwiIWalc leaf n226
Erigeron caespitosus Nuttall,Pink Fleabane,1,61,https://www.biodiversitylibrary.org/pageimage/42602893,https://www.biodiversitylibrary.org/page/42602893,BHL item 135496 (Quarto ed.); IA NorthAmericanwiIWalc leaf n228
Ledum groenlandicum Oeder,Labrador-tea,1,62,https://www.biodiversitylibrary.org/pageimage/42602895,https://www.biodiversitylibrary.org/page/42602895,BHL item 135496 (Quarto ed.); IA NorthAmericanwiIWalc leaf n230
Galium boreale Linnaeus,Northern Bedstraw,1,63,https://www.biodiversitylibrary.org/pageimage/42602897,https://www.biodiversitylibrary.org/page/42602897,BHL item 135496 (Quarto ed.); IA NorthAmericanwiIWalc leaf n232
Stenanthium occidentale Gray,Bronzebells,1,64,https://www.biodiversitylibrary.org/pageimage/42602899,https://www.biodiversitylibrary.org/page/42602899,BHL item 135496 (Quarto ed.); IA NorthAmericanwiIWalc leaf n234
Orchis rotundifolia Pursh,Roundleaf Orchis,1,65,https://www.biodiversitylibrary.org/pageimage/42602901,https://www.biodiversitylibrary.org/page/42602901,BHL item 135496 (Quarto ed.); IA NorthAmericanwiIWalc leaf n236
Ribes lacustre (Persoon) Poiret,Prickly Currant (flower),1,66,https://www.biodiversitylibrary.org/pageimage/42602903,https://www.biodiversitylibrary.org/page/42602903,same species as plate 67 (fruit); BHL item 135496 (Quarto ed.); IA NorthAmericanwiIWalc leaf n238
Ribes lacustre (Persoon) Poiret,Prickly Currant (fruit),1,67,https://www.biodiversitylibrary.org/pageimage/42602905,https://www.biodiversitylibrary.org/page/42602905,same species as plate 66 (flower); BHL item 135496 (Quarto ed.); IA NorthAmericanwiIWalc leaf n240
Erythronium grandiflorum Pursh,Glacierlily,1,68,https://www.biodiversitylibrary.org/pageimage/42602907,https://www.biodiversitylibrary.org/page/42602907,BHL item 135496 (Quarto ed.); IA NorthAmericanwiIWalc leaf n242
Balsamorhiza sagittata (Pursh) Nuttall,Balsamroot,1,69,https://www.biodiversitylibrary.org/pageimage/42602909,https://www.biodiversitylibrary.org/page/42602909,BHL item 135496 (Quarto ed.); IA NorthAmericanwiIWalc leaf n244
Elaeagnus commutata Bernhardi,Silverberry (flower),1,70,https://www.biodiversitylibrary.org/pageimage/42602911,https://www.biodiversitylibrary.org/page/42602911,same species as plate 71 (fruit); BHL item 135496 (Quarto ed.); IA NorthAmericanwiIWalc leaf n246
Elaeagnus commutata Bernhardi,Silverberry (fruit),1,71,https://www.biodiversitylibrary.org/pageimage/42602913,https://www.biodiversitylibrary.org/page/42602913,same species as plate 70 (flower); BHL item 135496 (Quarto ed.); IA NorthAmericanwiIWalc leaf n248
Jeffersonia diphylla (Linnaeus) Persoon,Twinleaf,1,72,https://www.biodiversitylibrary.org/pageimage/42602915,https://www.biodiversitylibrary.org/page/42602915,BHL item 135496 (Quarto ed.); IA NorthAmericanwiIWalc leaf n250
Actaea arguta Nuttall,Ivory Baneberry,1,73,https://www.biodiversitylibrary.org/pageimage/42602917,https://www.biodiversitylibrary.org/page/42602917,BHL item 135496 (Quarto ed.); IA NorthAmericanwiIWalc leaf n252
Phyllodoce empetriformis (Smith) Don,Pink Mountainheather,1,74,https://www.biodiversitylibrary.org/pageimage/42602919,https://www.biodiversitylibrary.org/page/42602919,BHL item 135496 (Quarto ed.); IA NorthAmericanwiIWalc leaf n254
Cassiope mertensiana (Bongard) Don,Rocky Mountain Cassiope,1,75,https://www.biodiversitylibrary.org/pageimage/42602921,https://www.biodiversitylibrary.org/page/42602921,BHL item 135496 (Quarto ed.); IA NorthAmericanwiIWalc leaf n256
Habenaria obtusata (Pursh) Richardson,One-leaf Bog-orchid,1,76,https://www.biodiversitylibrary.org/pageimage/42602923,https://www.biodiversitylibrary.org/page/42602923,BHL item 135496 (Quarto ed.); IA NorthAmericanwiIWalc leaf n258
Potentilla fruticosa Linnaeus,Bush Cinquefoil,1,77,https://www.biodiversitylibrary.org/pageimage/42602925,https://www.biodiversitylibrary.org/page/42602925,BHL item 135496 (Quarto ed.); IA NorthAmericanwiIWalc leaf n260
Lonicera glaucescens Rydberg,Douglas Honeysuckle (flower),2,81,https://www.biodiversitylibrary.org/pageimage/42667817,https://www.biodiversitylibrary.org/page/42667817,same species as plate 82 (fruit); BHL item 135963 (Quarto ed.); IA NorthAmericanwiIIWalc leaf n104
Lonicera glaucescens Rydberg,Douglas Honeysuckle (fruit),2,82,https://www.biodiversitylibrary.org/pageimage/42667819,https://www.biodiversitylibrary.org/page/42667819,same species as plate 81 (flower); BHL item 135963 (Quarto ed.); IA NorthAmericanwiIIWalc leaf n106
Streptopus curvipes Vail,Pink Twistedstalk,2,83,https://www.biodiversitylibrary.org/pageimage/42667821,https://www.biodiversitylibrary.org/page/42667821,BHL item 135963 (Quarto ed.); IA NorthAmericanwiIIWalc leaf n108
Streptopus amplexifolius (Linnaeus) De Candolle,Clasping Twistedstalk,2,84,https://www.biodiversitylibrary.org/pageimage/42667823,https://www.biodiversitylibrary.org/page/42667823,BHL item 135963 (Quarto ed.); IA NorthAmericanwiIIWalc leaf n110
Lathyrus ochroleucus Hooker,White Pea,2,85,https://www.biodiversitylibrary.org/pageimage/42667825,https://www.biodiversitylibrary.org/page/42667825,BHL item 135963 (Quarto ed.); IA NorthAmericanwiIIWalc leaf n112
Juniperus sibirica Burgsdorf,Mountain Juniper,2,86,https://www.biodiversitylibrary.org/pageimage/42667827,https://www.biodiversitylibrary.org/page/42667827,BHL item 135963 (Quarto ed.); IA NorthAmericanwiIIWalc leaf n114
Gentiana affinis Grisebach,Riverbank Gentian,2,87,https://www.biodiversitylibrary.org/pageimage/42667829,https://www.biodiversitylibrary.org/page/42667829,BHL item 135963 (Quarto ed.); IA NorthAmericanwiIIWalc leaf n116
Agoseris graminifolia Greene,Grassleaf Agoseris,2,88,https://www.biodiversitylibrary.org/pageimage/42667831,https://www.biodiversitylibrary.org/page/42667831,BHL item 135963 (Quarto ed.); IA NorthAmericanwiIIWalc leaf n118
Agoseris gracilens (Gray) Kuntze,Slender Agoseris,2,89,https://www.biodiversitylibrary.org/pageimage/42667833,https://www.biodiversitylibrary.org/page/42667833,BHL item 135963 (Quarto ed.); IA NorthAmericanwiIIWalc leaf n120
Asclepias speciosa Torrey,Showy Milkweed,2,90,https://www.biodiversitylibrary.org/pageimage/42667835,https://www.biodiversitylibrary.org/page/42667835,BHL item 135963 (Quarto ed.); IA NorthAmericanwiIIWalc leaf n122
Cypripedium passerinum Richardson,Northern Ladyslipper,2,91,https://www.biodiversitylibrary.org/pageimage/42667837,https://www.biodiversitylibrary.org/page/42667837,BHL item 135963 (Quarto ed.); IA NorthAmericanwiIIWalc leaf n124
Cypripedium parviflorum Salisbury,Small yellow Ladyslipper,2,92,https://www.biodiversitylibrary.org/pageimage/42667839,https://www.biodiversitylibrary.org/page/42667839,BHL item 135963 (Quarto ed.); IA NorthAmericanwiIIWalc leaf n126
Senecio pauciflorus Pursh,Rayless Groundsel,2,93,https://www.biodiversitylibrary.org/pageimage/42667841,https://www.biodiversitylibrary.org/page/42667841,BHL item 135963 (Quarto ed.); IA NorthAmericanwiIIWalc leaf n128
Claytonia parvifolia Mociño,Naiad Springbeauty,2,94,https://www.biodiversitylibrary.org/pageimage/42667843,https://www.biodiversitylibrary.org/page/42667843,BHL item 135963 (Quarto ed.); IA NorthAmericanwiIIWalc leaf n130
Pulsatilla ludoviciana (Nuttall) Heller,American Pasqueflower (flower),2,95,https://www.biodiversitylibrary.org/pageimage/42667845,https://www.biodiversitylibrary.org/page/42667845,same species as plate 96 (fruit); BHL item 135963 (Quarto ed.); IA NorthAmericanwiIIWalc leaf n132
Pulsatilla ludoviciana (Nuttall) Heller,American Pasqueflower (fruit),2,96,https://www.biodiversitylibrary.org/pageimage/42667847,https://www.biodiversitylibrary.org/page/42667847,same species as plate 95 (flower); BHL item 135963 (Quarto ed.); IA NorthAmericanwiIIWalc leaf n134
Hedysarum mackenzii Richardson,Sweetvetch,2,97,https://www.biodiversitylibrary.org/pageimage/42667849,https://www.biodiversitylibrary.org/page/42667849,BHL item 135963 (Quarto ed.); IA NorthAmericanwiIIWalc leaf n136
Romanzoffia sitchensis Bongard,Mistmaiden,2,98,https://www.biodiversitylibrary.org/pageimage/42667851,https://www.biodiversitylibrary.org/page/42667851,BHL item 135963 (Quarto ed.); IA NorthAmericanwiIIWalc leaf n138
Clematis columbiana (Nuttall) Torrey and Gray,Columbia Clematis (flower),2,99,https://www.biodiversitylibrary.org/pageimage/42667853,https://www.biodiversitylibrary.org/page/42667853,same species as plate 100 (fruit); BHL item 135963 (Quarto ed.); IA NorthAmericanwiIIWalc leaf n140
Clematis columbiana (Nuttall) Torrey and Gray,Columbia Clematis (fruit),2,100,https://www.biodiversitylibrary.org/pageimage/42667855,https://www.biodiversitylibrary.org/page/42667855,same species as plate 99 (flower); BHL item 135963 (Quarto ed.); IA NorthAmericanwiIIWalc leaf n142
Pinus contorta murrayana (Balfour) Engelmann,Lodgepole Pine,2,101,https://www.biodiversitylibrary.org/pageimage/42667857,https://www.biodiversitylibrary.org/page/42667857,BHL item 135963 (Quarto ed.); IA NorthAmericanwiIIWalc leaf n144
Castilleja lancifolia Rydberg,Lanceleaf Paintbrush,2,102,https://www.biodiversitylibrary.org/pageimage/42667859,https://www.biodiversitylibrary.org/page/42667859,BHL item 135963 (Quarto ed.); IA NorthAmericanwiIIWalc leaf n146
Cirsium hookerianum Nuttall,White Thistle,2,103,https://www.biodiversitylibrary.org/pageimage/42667861,https://www.biodiversitylibrary.org/page/42667861,BHL item 135963 (Quarto ed.); IA NorthAmericanwiIIWalc leaf n148
Antennaria howellii Greene,Gray Pussytoes,2,104,https://www.biodiversitylibrary.org/pageimage/42667863,https://www.biodiversitylibrary.org/page/42667863,BHL item 135963 (Quarto ed.); IA NorthAmericanwiIIWalc leaf n150
Cytherea bulbosa (Linnaeus) House,Calypso,2,105,https://www.biodiversitylibrary.org/pageimage/42667865,https://www.biodiversitylibrary.org/page/42667865,BHL item 135963 (Quarto ed.); IA NorthAmericanwiIIWalc leaf n152
Salix petrophila Rydberg,Rock Willow,2,106,https://www.biodiversitylibrary.org/pageimage/42667867,https://www.biodiversitylibrary.org/page/42667867,BHL item 135963 (Quarto ed.); IA NorthAmericanwiIIWalc leaf n154
Androsace carinata Torrey,Sweet Androsace,2,107,https://www.biodiversitylibrary.org/pageimage/42667869,https://www.biodiversitylibrary.org/page/42667869,BHL item 135963 (Quarto ed.); IA NorthAmericanwiIIWalc leaf n156
Gentiana glauca Pallas,Bluegreen Gentian,2,108,https://www.biodiversitylibrary.org/pageimage/42667871,https://www.biodiversitylibrary.org/page/42667871,BHL item 135963 (Quarto ed.); IA NorthAmericanwiIIWalc leaf n158
Ophrys nephrophylla Rydberg,Rocky Mountain Twayblade,2,109,https://www.biodiversitylibrary.org/pageimage/42667873,https://www.biodiversitylibrary.org/page/42667873,BHL item 135963 (Quarto ed.); IA NorthAmericanwiIIWalc leaf n160
Saxifraga bronchialis Linnaeus,Spotted Saxifrage,2,110,https://www.biodiversitylibrary.org/pageimage/42667875,https://www.biodiversitylibrary.org/page/42667875,BHL item 135963 (Quarto ed.); IA NorthAmericanwiIIWalc leaf n162
Arctostaphylos uva-ursi (Linnaeus) Sprengel,Bearberry (flower),2,111,https://www.biodiversitylibrary.org/pageimage/42667877,https://www.biodiversitylibrary.org/page/42667877,same species as plate 112 (fruit); BHL item 135963 (Quarto ed.); IA NorthAmericanwiIIWalc leaf n164
Arctostaphylos uva-ursi (Linnaeus) Sprengel,Bearberry (fruit),2,112,https://www.biodiversitylibrary.org/pageimage/42667879,https://www.biodiversitylibrary.org/page/42667879,same species as plate 111 (flower); BHL item 135963 (Quarto ed.); IA NorthAmericanwiIIWalc leaf n166
Pyrola chlorantha Swartz,Green Pyrola,2,113,https://www.biodiversitylibrary.org/pageimage/42667881,https://www.biodiversitylibrary.org/page/42667881,BHL item 135963 (Quarto ed.); IA NorthAmericanwiIIWalc leaf n168
Ranunculus suksdorfii Gray,Avalanche Buttercup,2,114,https://www.biodiversitylibrary.org/pageimage/42667883,https://www.biodiversitylibrary.org/page/42667883,BHL item 135963 (Quarto ed.); IA NorthAmericanwiIIWalc leaf n170
Lepargyrea canadensis (Linnaeus) Greene,Canada Buffaloberry,2,115,https://www.biodiversitylibrary.org/pageimage/42667885,https://www.biodiversitylibrary.org/page/42667885,BHL item 135963 (Quarto ed.); IA NorthAmericanwiIIWalc leaf n172
Zygadenus elegans Pursh,Deathcamas,2,116,https://www.biodiversitylibrary.org/pageimage/42667887,https://www.biodiversitylibrary.org/page/42667887,BHL item 135963 (Quarto ed.); IA NorthAmericanwiIIWalc leaf n174
Amelanchier alnifolia Nuttall,Saskatoon,2,117,https://www.biodiversitylibrary.org/pageimage/42667889,https://www.biodiversitylibrary.org/page/42667889,BHL item 135963 (Quarto ed.); IA NorthAmericanwiIIWalc leaf n176
Aster campestris Nuttall,Prairie Aster,2,118,https://www.biodiversitylibrary.org/pageimage/42667891,https://www.biodiversitylibrary.org/page/42667891,BHL item 135963 (Quarto ed.); IA NorthAmericanwiIIWalc leaf n178
Orthocarpus tenuifolius Bentham,Owl-clover,2,119,https://www.biodiversitylibrary.org/pageimage/42667893,https://www.biodiversitylibrary.org/page/42667893,BHL item 135963 (Quarto ed.); IA NorthAmericanwiIIWalc leaf n180
Oxytropis splendens Douglas,Showy Oxytrope,2,120,https://www.biodiversitylibrary.org/pageimage/42667895,https://www.biodiversitylibrary.org/page/42667895,BHL item 135963 (Quarto ed.); IA NorthAmericanwiIIWalc leaf n182
Pedicularis contorta Bentham,Alpine Fernleaf,2,121,https://www.biodiversitylibrary.org/pageimage/42667897,https://www.biodiversitylibrary.org/page/42667897,BHL item 135963 (Quarto ed.); IA NorthAmericanwiIIWalc leaf n184
Salix discolor Muhlenberg,Pussy Willow,2,122,https://www.biodiversitylibrary.org/pageimage/42667899,https://www.biodiversitylibrary.org/page/42667899,BHL item 135963 (Quarto ed.); IA NorthAmericanwiIIWalc leaf n186
Sanguinaria canadensis Linnaeus,Bloodroot,2,123,https://www.biodiversitylibrary.org/pageimage/42667901,https://www.biodiversitylibrary.org/page/42667901,BHL item 135963 (Quarto ed.); IA NorthAmericanwiIIWalc leaf n188
Pyxidanthera barbulata Michaux,Pyxie,2,124,https://www.biodiversitylibrary.org/pageimage/42667903,https://www.biodiversitylibrary.org/page/42667903,BHL item 135963 (Quarto ed.); IA NorthAmericanwiIIWalc leaf n190
Hepatica americana Ker,Hepatica,2,125,https://www.biodiversitylibrary.org/pageimage/42667905,https://www.biodiversitylibrary.org/page/42667905,BHL item 135963 (Quarto ed.); IA NorthAmericanwiIIWalc leaf n192
Epigaea repens Linnaeus,Trailing-arbutus,2,126,https://www.biodiversitylibrary.org/pageimage/42667907,https://www.biodiversitylibrary.org/page/42667907,BHL item 135963 (Quarto ed.); IA NorthAmericanwiIIWalc leaf n194
Asarum canadense Linnaeus,Canada Wildginger,2,127,https://www.biodiversitylibrary.org/pageimage/42667909,https://www.biodiversitylibrary.org/page/42667909,BHL item 135963 (Quarto ed.); IA NorthAmericanwiIIWalc leaf n196
Azalea nudiflora Linnaeus,Pinxterbloom,2,128,https://www.biodiversitylibrary.org/pageimage/42667911,https://www.biodiversitylibrary.org/page/42667911,BHL item 135963 (Quarto ed.); IA NorthAmericanwiIIWalc leaf n198
Calla palustris Linnaeus,Wild Calla,2,129,https://www.biodiversitylibrary.org/pageimage/42667913,https://www.biodiversitylibrary.org/page/42667913,BHL item 135963 (Quarto ed.); IA NorthAmericanwiIIWalc leaf n200
Prunus angustifolia Marshall,Chickasaw Plum,2,130,https://www.biodiversitylibrary.org/pageimage/42667915,https://www.biodiversitylibrary.org/page/42667915,BHL item 135963 (Quarto ed.); IA NorthAmericanwiIIWalc leaf n202
Limodorum tuberosum Linnaeus,Grass-pink Orchid,2,131,https://www.biodiversitylibrary.org/pageimage/42667917,https://www.biodiversitylibrary.org/page/42667917,BHL item 135963 (Quarto ed.); IA NorthAmericanwiIIWalc leaf n204
Polycodium stamineum (Linnaeus) Greene,Deerberry,2,132,https://www.biodiversitylibrary.org/pageimage/42667919,https://www.biodiversitylibrary.org/page/42667919,BHL item 135963 (Quarto ed.); IA NorthAmericanwiIIWalc leaf n206
Kalmia polifolia Wangenheim,Bog Kalmia,2,133,https://www.biodiversitylibrary.org/pageimage/42667921,https://www.biodiversitylibrary.org/page/42667921,BHL item 135963 (Quarto ed.); IA NorthAmericanwiIIWalc leaf n208
Trillium undulatum Willdenow,Painted Trillium,2,134,https://www.biodiversitylibrary.org/pageimage/42667923,https://www.biodiversitylibrary.org/page/42667923,BHL item 135963 (Quarto ed.); IA NorthAmericanwiIIWalc leaf n210
Polygala paucifolia Willdenow,Fringed Polygala,2,135,https://www.biodiversitylibrary.org/pageimage/42667925,https://www.biodiversitylibrary.org/page/42667925,BHL item 135963 (Quarto ed.); IA NorthAmericanwiIIWalc leaf n212
Bikukulla canadensis (Goldie) Millspaugh,Squirrelcorn,2,136,https://www.biodiversitylibrary.org/pageimage/42667927,https://www.biodiversitylibrary.org/page/42667927,BHL item 135963 (Quarto ed.); IA NorthAmericanwiIIWalc leaf n214
Acer rubrum Linnaeus,Red Maple,2,137,https://www.biodiversitylibrary.org/pageimage/42667929,https://www.biodiversitylibrary.org/page/42667929,BHL item 135963 (Quarto ed.); IA NorthAmericanwiIIWalc leaf n216
Acer carolinianum Walter,Carolina Maple,2,138,https://www.biodiversitylibrary.org/pageimage/42667931,https://www.biodiversitylibrary.org/page/42667931,BHL item 135963 (Quarto ed.); IA NorthAmericanwiIIWalc leaf n218
Pinus palustris Miller,Longleaf Pine,2,139,https://www.biodiversitylibrary.org/pageimage/42667933,https://www.biodiversitylibrary.org/page/42667933,BHL item 135963 (Quarto ed.); IA NorthAmericanwiIIWalc leaf n220
Chionanthus virginica Linnaeus,Fringetree,2,140,https://www.biodiversitylibrary.org/pageimage/42667935,https://www.biodiversitylibrary.org/page/42667935,BHL item 135963 (Quarto ed.); IA NorthAmericanwiIIWalc leaf n222
Aquilegia canadensis Linnaeus,American Columbine,2,141,https://www.biodiversitylibrary.org/pageimage/42667937,https://www.biodiversitylibrary.org/page/42667937,BHL item 135963 (Quarto ed.); IA NorthAmericanwiIIWalc leaf n224
Viola septemloba Le Conte,Southern Coast Violet,2,142,https://www.biodiversitylibrary.org/pageimage/42667939,https://www.biodiversitylibrary.org/page/42667939,BHL item 135963 (Quarto ed.); IA NorthAmericanwiIIWalc leaf n226
Podophyllum peltatum Linnaeus,Mayapple,2,143,https://www.biodiversitylibrary.org/pageimage/42667941,https://www.biodiversitylibrary.org/page/42667941,BHL item 135963 (Quarto ed.); IA NorthAmericanwiIIWalc leaf n228
Uvularia perfoliata Linnaeus,Wood Merrybells,2,144,https://www.biodiversitylibrary.org/pageimage/42667943,https://www.biodiversitylibrary.org/page/42667943,BHL item 135963 (Quarto ed.); IA NorthAmericanwiIIWalc leaf n230
Chrysogonum virginianum Linnaeus,Goldenstar,2,145,https://www.biodiversitylibrary.org/pageimage/42667945,https://www.biodiversitylibrary.org/page/42667945,BHL item 135963 (Quarto ed.); IA NorthAmericanwiIIWalc leaf n232
Rubus argutus Link,Highbush Blackberry,2,146,https://www.biodiversitylibrary.org/pageimage/42667947,https://www.biodiversitylibrary.org/page/42667947,BHL item 135963 (Quarto ed.); IA NorthAmericanwiIIWalc leaf n234
Chrosperma muscaetoxicum (Walter) Kuntze,Crowpoison,2,147,https://www.biodiversitylibrary.org/pageimage/42667949,https://www.biodiversitylibrary.org/page/42667949,BHL item 135963 (Quarto ed.); IA NorthAmericanwiIIWalc leaf n236
Lilium canadense Linnaeus,Canada Lily,2,148,https://www.biodiversitylibrary.org/pageimage/42667951,https://www.biodiversitylibrary.org/page/42667951,BHL item 135963 (Quarto ed.); IA NorthAmericanwiIIWalc leaf n238
Kraunhia frutescens (Linnaeus) Greene,American Wistaria,2,149,https://www.biodiversitylibrary.org/pageimage/42667953,https://www.biodiversitylibrary.org/page/42667953,BHL item 135963 (Quarto ed.); IA NorthAmericanwiIIWalc leaf n240
Clematis crispa Linnaeus,Curly Clematis,2,150,https://www.biodiversitylibrary.org/pageimage/42667955,https://www.biodiversitylibrary.org/page/42667955,BHL item 135963 (Quarto ed.); IA NorthAmericanwiIIWalc leaf n242
Achillea lanulosa Nuttall,Western Yarrow,2,151,https://www.biodiversitylibrary.org/pageimage/42667957,https://www.biodiversitylibrary.org/page/42667957,BHL item 135963 (Quarto ed.); IA NorthAmericanwiIIWalc leaf n244
Epidendrum tampense Lindley,Tampa Epidendrum,2,152,https://www.biodiversitylibrary.org/pageimage/42667959,https://www.biodiversitylibrary.org/page/42667959,BHL item 135963 (Quarto ed.); IA NorthAmericanwiIIWalc leaf n246
Tillandsia fasciculata Swartz,Tillandsia,2,153,https://www.biodiversitylibrary.org/pageimage/42667961,https://www.biodiversitylibrary.org/page/42667961,BHL item 135963 (Quarto ed.); IA NorthAmericanwiIIWalc leaf n248
Hymenocallis rotata (Ker) Herbert,Spiderlily,2,154,https://www.biodiversitylibrary.org/pageimage/42667963,https://www.biodiversitylibrary.org/page/42667963,BHL item 135963 (Quarto ed.); IA NorthAmericanwiIIWalc leaf n250
Echinocereus lloydii Britton and Rose,Lloyds Strawberry-cactus,2,155,https://www.biodiversitylibrary.org/pageimage/42667965,https://www.biodiversitylibrary.org/page/42667965,BHL item 135963 (Quarto ed.); IA NorthAmericanwiIIWalc leaf n252
Thalesia uniflora (Linnaeus) Britton,Ghostpipe,2,156,https://www.biodiversitylibrary.org/pageimage/42667967,https://www.biodiversitylibrary.org/page/42667967,BHL item 135963 (Quarto ed.); IA NorthAmericanwiIIWalc leaf n254
Hypopitys americana (De Candolle) Small,Pale Pinesap,2,157,https://www.biodiversitylibrary.org/pageimage/42667969,https://www.biodiversitylibrary.org/page/42667969,BHL item 135963 (Quarto ed.); IA NorthAmericanwiIIWalc leaf n256
Sagittaria cuneata Sheldon,Arum Arrowhead,2,158,https://www.biodiversitylibrary.org/pageimage/42667971,https://www.biodiversitylibrary.org/page/42667971,BHL item 135963 (Quarto ed.); IA NorthAmericanwiIIWalc leaf n258
Nymphaea advena Solander,Spatterdock,2,159,https://www.biodiversitylibrary.org/pageimage/42667973,https://www.biodiversitylibrary.org/page/42667973,BHL item 135963 (Quarto ed.); IA NorthAmericanwiIIWalc leaf n260
Aster squarrosus Walter,Pineland Aster,2,160,https://www.biodiversitylibrary.org/pageimage/42667975,https://www.biodiversitylibrary.org/page/42667975,BHL item 135963 (Quarto ed.); IA NorthAmericanwiIIWalc leaf n262
Gentiana saponaria Linnaeus,Bottle Gentian,3,161,https://www.biodiversitylibrary.org/pageimage/42669711,https://www.biodiversitylibrary.org/page/42669711,BHL item 135969 (Quarto ed.); IA NorthAmericanwiIIIWalc leaf n102
Sorbus sambucifolia (Chamisso and Schlechtendal) Roemer,Western Mountain-ash,3,162,https://www.biodiversitylibrary.org/pageimage/42669713,https://www.biodiversitylibrary.org/page/42669713,BHL item 135969 (Quarto ed.); IA NorthAmericanwiIIIWalc leaf n104
Pulsatilla occidentalis (Watson) Freyn,Plume Anemone (flower),3,163,https://www.biodiversitylibrary.org/pageimage/42669715,https://www.biodiversitylibrary.org/page/42669715,same species as plate 164 (fruit); BHL item 135969 (Quarto ed.); IA NorthAmericanwiIIIWalc leaf n106
Pulsatilla occidentalis (Watson) Freyn,Plume Anemone (fruit),3,164,https://www.biodiversitylibrary.org/pageimage/42669717,https://www.biodiversitylibrary.org/page/42669717,same species as plate 163 (flower); BHL item 135969 (Quarto ed.); IA NorthAmericanwiIIIWalc leaf n108
Erigeron speciosus De Candolle,Meadow Fleabane,3,165,https://www.biodiversitylibrary.org/pageimage/42669719,https://www.biodiversitylibrary.org/page/42669719,BHL item 135969 (Quarto ed.); IA NorthAmericanwiIIIWalc leaf n110
Vagnera stellata (Linnaeus) Morong,Star Solomonplume,3,166,https://www.biodiversitylibrary.org/pageimage/42669721,https://www.biodiversitylibrary.org/page/42669721,BHL item 135969 (Quarto ed.); IA NorthAmericanwiIIIWalc leaf n112
Physaria didymocarpa (Hooker) Gray,Double Bladderpod (flower),3,167,https://www.biodiversitylibrary.org/pageimage/42669723,https://www.biodiversitylibrary.org/page/42669723,same species as plate 168 (fruit); BHL item 135969 (Quarto ed.); IA NorthAmericanwiIIIWalc leaf n114
Physaria didymocarpa (Hooker) Gray,Double Bladderpod (fruit),3,168,https://www.biodiversitylibrary.org/pageimage/42669725,https://www.biodiversitylibrary.org/page/42669725,same species as plate 167 (flower); BHL item 135969 (Quarto ed.); IA NorthAmericanwiIIIWalc leaf n116
Vaccinium scoparium Leiberg,Grouse Whortleberry (flower),3,169,https://www.biodiversitylibrary.org/pageimage/42669727,https://www.biodiversitylibrary.org/page/42669727,same species as plate 170 (fruit); BHL item 135969 (Quarto ed.); IA NorthAmericanwiIIIWalc leaf n118
Vaccinium scoparium Leiberg,Grouse Whortleberry (fruit),3,170,https://www.biodiversitylibrary.org/pageimage/42669729,https://www.biodiversitylibrary.org/page/42669729,same species as plate 169 (flower); BHL item 135969 (Quarto ed.); IA NorthAmericanwiIIIWalc leaf n120
Antennaria luzuloides Torrey and Gray,Buff Pussytoes,3,171,https://www.biodiversitylibrary.org/pageimage/42669731,https://www.biodiversitylibrary.org/page/42669731,BHL item 135969 (Quarto ed.); IA NorthAmericanwiIIIWalc leaf n122
Pyrola minor Linnaeus,Small Pyrola,3,172,https://www.biodiversitylibrary.org/pageimage/42669733,https://www.biodiversitylibrary.org/page/42669733,BHL item 135969 (Quarto ed.); IA NorthAmericanwiIIIWalc leaf n124
Mertensia paniculata (Aiton) Don,Western Bluebells,3,173,https://www.biodiversitylibrary.org/pageimage/42669735,https://www.biodiversitylibrary.org/page/42669735,BHL item 135969 (Quarto ed.); IA NorthAmericanwiIIIWalc leaf n126
Veratrum viride Aiton,Green Bearcabbage,3,174,https://www.biodiversitylibrary.org/pageimage/42669737,https://www.biodiversitylibrary.org/page/42669737,BHL item 135969 (Quarto ed.); IA NorthAmericanwiIIIWalc leaf n128
Calochortus macrocarpus Douglas,Sagebrush Mariposa,3,175,https://www.biodiversitylibrary.org/pageimage/42669739,https://www.biodiversitylibrary.org/page/42669739,BHL item 135969 (Quarto ed.); IA NorthAmericanwiIIIWalc leaf n130
Dryas octopetala Linnaeus,White Dryad (flower),3,176,https://www.biodiversitylibrary.org/pageimage/42669741,https://www.biodiversitylibrary.org/page/42669741,same species as plate 177 (fruit); BHL item 135969 (Quarto ed.); IA NorthAmericanwiIIIWalc leaf n132
Dryas octopetala Linnaeus,White Dryad (fruit),3,177,https://www.biodiversitylibrary.org/pageimage/42669743,https://www.biodiversitylibrary.org/page/42669743,same species as plate 176 (flower); BHL item 135969 (Quarto ed.); IA NorthAmericanwiIIIWalc leaf n134
Gentiana prostrata Haenke,Moss Gentian,3,178,https://www.biodiversitylibrary.org/pageimage/42669745,https://www.biodiversitylibrary.org/page/42669745,BHL item 135969 (Quarto ed.); IA NorthAmericanwiIIIWalc leaf n136
Vaccinium caespitosum Michaux,Low Whortleberry,3,179,https://www.biodiversitylibrary.org/pageimage/42669747,https://www.biodiversitylibrary.org/page/42669747,BHL item 135969 (Quarto ed.); IA NorthAmericanwiIIIWalc leaf n138
Oxycoccus palustris Persoon,Small Cranberry,3,180,https://www.biodiversitylibrary.org/pageimage/42669749,https://www.biodiversitylibrary.org/page/42669749,BHL item 135969 (Quarto ed.); IA NorthAmericanwiIIIWalc leaf n140
Viola adunca J. E. Smith,Purple Mountain Violet,3,181,https://www.biodiversitylibrary.org/pageimage/42669751,https://www.biodiversitylibrary.org/page/42669751,BHL scan has an extra loose copy of plate 181 in volume 3; BHL item 135969 (Quarto ed.); IA NorthAmericanwiIIIWalc leaf n142
Potentilla uniflora Ledebour,Rosette Cinquefoil,3,182,https://www.biodiversitylibrary.org/pageimage/42669755,https://www.biodiversitylibrary.org/page/42669755,BHL item 135969 (Quarto ed.); IA NorthAmericanwiIIIWalc leaf n146
Solidago ciliosa Greene,Sidesaddle Goldenrod,3,183,https://www.biodiversitylibrary.org/pageimage/42669757,https://www.biodiversitylibrary.org/page/42669757,BHL item 135969 (Quarto ed.); IA NorthAmericanwiIIIWalc leaf n148
Saxifraga caespitosa Linnaeus,Tufted Saxifrage,3,184,https://www.biodiversitylibrary.org/pageimage/42669759,https://www.biodiversitylibrary.org/page/42669759,BHL item 135969 (Quarto ed.); IA NorthAmericanwiIIIWalc leaf n150
Androsace subumbellata (A. Nelson) Small,Pygmy Androsace,3,185,https://www.biodiversitylibrary.org/pageimage/42669761,https://www.biodiversitylibrary.org/page/42669761,BHL item 135969 (Quarto ed.); IA NorthAmericanwiIIIWalc leaf n152
Alnus sinuata (Regel) Rydberg,Western Green Alder,3,186,https://www.biodiversitylibrary.org/pageimage/42669763,https://www.biodiversitylibrary.org/page/42669763,BHL item 135969 (Quarto ed.); IA NorthAmericanwiIIIWalc leaf n154
Thuja plicata Don,Giant Arborvitae,3,187,https://www.biodiversitylibrary.org/pageimage/42669765,https://www.biodiversitylibrary.org/page/42669765,BHL item 135969 (Quarto ed.); IA NorthAmericanwiIIIWalc leaf n156
Pinus flexilis James,Limber Pine,3,188,https://www.biodiversitylibrary.org/pageimage/42669767,https://www.biodiversitylibrary.org/page/42669767,BHL item 135969 (Quarto ed.); IA NorthAmericanwiIIIWalc leaf n158
Petasites hyperboreus Rydberg,Northern Butterbur,3,189,https://www.biodiversitylibrary.org/pageimage/42669769,https://www.biodiversitylibrary.org/page/42669769,BHL item 135969 (Quarto ed.); IA NorthAmericanwiIIIWalc leaf n160
Vicia americana Muhlenberg,American Vetch,3,190,https://www.biodiversitylibrary.org/pageimage/42669771,https://www.biodiversitylibrary.org/page/42669771,BHL item 135969 (Quarto ed.); IA NorthAmericanwiIIIWalc leaf n162
Saussurea densa (Hooker) Rydberg,Saussutea,3,191,https://www.biodiversitylibrary.org/pageimage/42669773,https://www.biodiversitylibrary.org/page/42669773,BHL item 135969 (Quarto ed.); IA NorthAmericanwiIIIWalc leaf n164
Lobelia kalmii Linnaeus,Brook Lobelia,3,192,https://www.biodiversitylibrary.org/pageimage/42669775,https://www.biodiversitylibrary.org/page/42669775,BHL item 135969 (Quarto ed.); IA NorthAmericanwiIIIWalc leaf n166
Vaccinium vitis-idaea minus Loddiges,Mountain Cranberry (flower),3,193,https://www.biodiversitylibrary.org/pageimage/42669777,https://www.biodiversitylibrary.org/page/42669777,same species as plate 194 (fruit); BHL item 135969 (Quarto ed.); IA NorthAmericanwiIIIWalc leaf n168
Vaccinium vitis-idaea minus Loddiges,Mountain Cranberry (fruit),3,194,https://www.biodiversitylibrary.org/pageimage/42669779,https://www.biodiversitylibrary.org/page/42669779,same species as plate 193 (flower); BHL item 135969 (Quarto ed.); IA NorthAmericanwiIIIWalc leaf n170
Agoseris villosa Rydberg,Woolly Agoseris,3,195,https://www.biodiversitylibrary.org/pageimage/42669781,https://www.biodiversitylibrary.org/page/42669781,BHL item 135969 (Quarto ed.); IA NorthAmericanwiIIIWalc leaf n172
Linnaea borealis americana (Forbes) Rehder,American Twinflower,3,196,https://www.biodiversitylibrary.org/pageimage/42669783,https://www.biodiversitylibrary.org/page/42669783,BHL item 135969 (Quarto ed.); IA NorthAmericanwiIIIWalc leaf n174
Phacelia linearis (Pursh) Holzinger,Sand Phacelia,3,197,https://www.biodiversitylibrary.org/pageimage/42669785,https://www.biodiversitylibrary.org/page/42669785,BHL item 135969 (Quarto ed.); IA NorthAmericanwiIIIWalc leaf n176
Pinguicula vulgaris Linnaeus,Northern Butterwort,3,198,https://www.biodiversitylibrary.org/pageimage/42669787,https://www.biodiversitylibrary.org/page/42669787,BHL item 135969 (Quarto ed.); IA NorthAmericanwiIIIWalc leaf n178
Calochortus weedii Wood,San Diego Mariposa,3,199,https://www.biodiversitylibrary.org/pageimage/42669789,https://www.biodiversitylibrary.org/page/42669789,BHL item 135969 (Quarto ed.); IA NorthAmericanwiIIIWalc leaf n180
Diplacus longiflorus Nuttall,Buff Monkeyflower,3,200,https://www.biodiversitylibrary.org/pageimage/42669791,https://www.biodiversitylibrary.org/page/42669791,BHL item 135969 (Quarto ed.); IA NorthAmericanwiIIIWalc leaf n182
Aquilegia flavescens Watson,Lemon Columbine,3,201,https://www.biodiversitylibrary.org/pageimage/42669793,https://www.biodiversitylibrary.org/page/42669793,BHL item 135969 (Quarto ed.); IA NorthAmericanwiIIIWalc leaf n184
Erythronium montanum Watson,Avalanche-lily,3,202,https://www.biodiversitylibrary.org/pageimage/42669795,https://www.biodiversitylibrary.org/page/42669795,BHL item 135969 (Quarto ed.); IA NorthAmericanwiIIIWalc leaf n186
Clintonia uniflora (Menzies) Kunth,Queencup (flower),3,203,https://www.biodiversitylibrary.org/pageimage/42669797,https://www.biodiversitylibrary.org/page/42669797,same species as plate 204 (fruit); BHL item 135969 (Quarto ed.); IA NorthAmericanwiIIIWalc leaf n188
Clintonia uniflora (Menzies) Kunth,Queencup (fruit),3,204,https://www.biodiversitylibrary.org/pageimage/42669799,https://www.biodiversitylibrary.org/page/42669799,same species as plate 203 (flower); BHL item 135969 (Quarto ed.); IA NorthAmericanwiIIIWalc leaf n190
Calochortus catalinae Watson,Catalina Mariposa,3,205,https://www.biodiversitylibrary.org/pageimage/42669801,https://www.biodiversitylibrary.org/page/42669801,BHL item 135969 (Quarto ed.); IA NorthAmericanwiIIIWalc leaf n192
Fremontodendron mexicanum Davidson,Mexican Fremontia,3,206,https://www.biodiversitylibrary.org/pageimage/42669803,https://www.biodiversitylibrary.org/page/42669803,BHL item 135969 (Quarto ed.); IA NorthAmericanwiIIIWalc leaf n194
Mitchella repens Linnaeus,Partridgeberry,3,207,https://www.biodiversitylibrary.org/pageimage/42669805,https://www.biodiversitylibrary.org/page/42669805,BHL item 135969 (Quarto ed.); IA NorthAmericanwiIIIWalc leaf n196
Caltha palustris Linnaeus,Marshmarigold,3,208,https://www.biodiversitylibrary.org/pageimage/42669807,https://www.biodiversitylibrary.org/page/42669807,BHL item 135969 (Quarto ed.); IA NorthAmericanwiIIIWalc leaf n198
Pentstemon digitalis (Sweet) Nuttall,Foxglove Pentstemon,3,209,https://www.biodiversitylibrary.org/pageimage/42669809,https://www.biodiversitylibrary.org/page/42669809,BHL item 135969 (Quarto ed.); IA NorthAmericanwiIIIWalc leaf n200
Callicarpa americana Linnaeus,Beautyberry,3,210,https://www.biodiversitylibrary.org/pageimage/42669811,https://www.biodiversitylibrary.org/page/42669811,BHL item 135969 (Quarto ed.); IA NorthAmericanwiIIIWalc leaf n202
Viola rafinesquii Greene,Field Violet,3,211,https://www.biodiversitylibrary.org/pageimage/42669813,https://www.biodiversitylibrary.org/page/42669813,BHL item 135969 (Quarto ed.); IA NorthAmericanwiIIIWalc leaf n204
Cyrtopodium punctatum (Linnaeus) Lindley,Spotted Cyrtopodium,3,212,https://www.biodiversitylibrary.org/pageimage/42669815,https://www.biodiversitylibrary.org/page/42669815,BHL item 135969 (Quarto ed.); IA NorthAmericanwiIIIWalc leaf n206
Hypopitys lanuginosa (Michaux) Nuttall,Red Pinesap,3,213,https://www.biodiversitylibrary.org/pageimage/42669817,https://www.biodiversitylibrary.org/page/42669817,BHL item 135969 (Quarto ed.); IA NorthAmericanwiIIIWalc leaf n208
Conopholis americana (Linnaeus filius) Wallroth,Squawroot,3,214,https://www.biodiversitylibrary.org/pageimage/42669819,https://www.biodiversitylibrary.org/page/42669819,BHL item 135969 (Quarto ed.); IA NorthAmericanwiIIIWalc leaf n210
Habenaria lacera (Michaux) Loddiges,Ragged Fringe-orchid,3,215,https://www.biodiversitylibrary.org/pageimage/42669821,https://www.biodiversitylibrary.org/page/42669821,BHL item 135969 (Quarto ed.); IA NorthAmericanwiIIIWalc leaf n212
Cypripedium arietinum Robert Brown,Ramshead Ladyslipper,3,216,https://www.biodiversitylibrary.org/pageimage/42669823,https://www.biodiversitylibrary.org/page/42669823,BHL item 135969 (Quarto ed.); IA NorthAmericanwiIIIWalc leaf n214
Cypripedium reginae Walter,Showy Ladyslipper,3,217,https://www.biodiversitylibrary.org/pageimage/42669825,https://www.biodiversitylibrary.org/page/42669825,BHL item 135969 (Quarto ed.); IA NorthAmericanwiIIIWalc leaf n216
Pogonia ophioglossoides (Linnaeus) Ker,Rose Pogonia,3,218,https://www.biodiversitylibrary.org/pageimage/42669827,https://www.biodiversitylibrary.org/page/42669827,BHL item 135969 (Quarto ed.); IA NorthAmericanwiIIIWalc leaf n218
Dionaea muscipula Ellis,Venus Flytrap,3,219,https://www.biodiversitylibrary.org/pageimage/42669829,https://www.biodiversitylibrary.org/page/42669829,BHL item 135969 (Quarto ed.); IA NorthAmericanwiIIIWalc leaf n220
Gelsemium sempervirens (Linnaeus) Persoon,Carolina Jessamine,3,220,https://www.biodiversitylibrary.org/pageimage/42669831,https://www.biodiversitylibrary.org/page/42669831,BHL item 135969 (Quarto ed.); IA NorthAmericanwiIIIWalc leaf n222
Kalmia latifolia Linnaeus,Mountain-laurel,3,221,https://www.biodiversitylibrary.org/pageimage/42669833,https://www.biodiversitylibrary.org/page/42669833,BHL item 135969 (Quarto ed.); IA NorthAmericanwiIIIWalc leaf n224
Orontium aquaticum Linnaeus,Goldenclub,3,222,https://www.biodiversitylibrary.org/pageimage/42669835,https://www.biodiversitylibrary.org/page/42669835,BHL item 135969 (Quarto ed.); IA NorthAmericanwiIIIWalc leaf n226
Castalia odorata (Dryander) Woodville and Wood,American Waterlily,3,223,https://www.biodiversitylibrary.org/pageimage/42669837,https://www.biodiversitylibrary.org/page/42669837,BHL item 135969 (Quarto ed.); IA NorthAmericanwiIIIWalc leaf n228
Viola eriocarpa Schweinitz,Smooth Yellow Violet,3,224,https://www.biodiversitylibrary.org/pageimage/42669839,https://www.biodiversitylibrary.org/page/42669839,BHL item 135969 (Quarto ed.); IA NorthAmericanwiIIIWalc leaf n230
Menyanthes trifoliata Linnaeus,Bogbean,3,225,https://www.biodiversitylibrary.org/pageimage/42669841,https://www.biodiversitylibrary.org/page/42669841,BHL item 135969 (Quarto ed.); IA NorthAmericanwiIIIWalc leaf n232
Ilex vomitoria Aiton,Yaupon,3,226,https://www.biodiversitylibrary.org/pageimage/42669843,https://www.biodiversitylibrary.org/page/42669843,BHL item 135969 (Quarto ed.); IA NorthAmericanwiIIIWalc leaf n234
Bignonia radicans Linnaeus,Trumpetcreeper,3,227,https://www.biodiversitylibrary.org/pageimage/42669845,https://www.biodiversitylibrary.org/page/42669845,BHL item 135969 (Quarto ed.); IA NorthAmericanwiIIIWalc leaf n236
Vaccinium corymbosum Linnaeus,Highbush Blueberry,3,228,https://www.biodiversitylibrary.org/pageimage/42669847,https://www.biodiversitylibrary.org/page/42669847,BHL item 135969 (Quarto ed.); IA NorthAmericanwiIIIWalc leaf n238
Gaylussacia brachycera (Michaux) Gray,Box Huckleberry,3,229,https://www.biodiversitylibrary.org/pageimage/42669849,https://www.biodiversitylibrary.org/page/42669849,BHL item 135969 (Quarto ed.); IA NorthAmericanwiIIIWalc leaf n240
Vaccinium tenellum Aiton,Pineland Blueberry,3,230,https://www.biodiversitylibrary.org/pageimage/42669851,https://www.biodiversitylibrary.org/page/42669851,BHL item 135969 (Quarto ed.); IA NorthAmericanwiIIIWalc leaf n242
Magnolia acuminata Linnaeus,Cucumbertree,3,231,https://www.biodiversitylibrary.org/pageimage/42669853,https://www.biodiversitylibrary.org/page/42669853,BHL item 135969 (Quarto ed.); IA NorthAmericanwiIIIWalc leaf n244
Azalea rosea Loiseleur,Downy Pinxterbloom,3,232,https://www.biodiversitylibrary.org/pageimage/42669855,https://www.biodiversitylibrary.org/page/42669855,BHL item 135969 (Quarto ed.); IA NorthAmericanwiIIIWalc leaf n246
Monarda punctata Linnaeus,Spotted Beebalm,3,233,https://www.biodiversitylibrary.org/pageimage/42669857,https://www.biodiversitylibrary.org/page/42669857,BHL item 135969 (Quarto ed.); IA NorthAmericanwiIIIWalc leaf n248
Claytonia virginica Linnaeus,Virginia Springbeauty,3,234,https://www.biodiversitylibrary.org/pageimage/42669859,https://www.biodiversitylibrary.org/page/42669859,BHL item 135969 (Quarto ed.); IA NorthAmericanwiIIIWalc leaf n250
Pinguicula elatior Michaux,Purple Butterwort,3,235,https://www.biodiversitylibrary.org/pageimage/42669861,https://www.biodiversitylibrary.org/page/42669861,BHL item 135969 (Quarto ed.); IA NorthAmericanwiIIIWalc leaf n252
Sarracenia psittacina Michaux,Parrot Pitcherplant,3,236,https://www.biodiversitylibrary.org/pageimage/42669863,https://www.biodiversitylibrary.org/page/42669863,BHL item 135969 (Quarto ed.); IA NorthAmericanwiIIIWalc leaf n254
Scutellaria serrata Andrews,Wood Skullcap,3,237,https://www.biodiversitylibrary.org/pageimage/42669865,https://www.biodiversitylibrary.org/page/42669865,BHL item 135969 (Quarto ed.); IA NorthAmericanwiIIIWalc leaf n256
Sisyrinchium angustifolium Miller,Blue-eyed-grass,3,238,https://www.biodiversitylibrary.org/pageimage/42669867,https://www.biodiversitylibrary.org/page/42669867,BHL item 135969 (Quarto ed.); IA NorthAmericanwiIIIWalc leaf n258
Trillium erectum Linnaeus,Red Trillium,3,239,https://www.biodiversitylibrary.org/pageimage/42669869,https://www.biodiversitylibrary.org/page/42669869,BHL item 135969 (Quarto ed.); IA NorthAmericanwiIIIWalc leaf n260
Trillium grandiflorum (Michaux) Salisbury,Snow Trillium,3,240,https://www.biodiversitylibrary.org/pageimage/42669871,https://www.biodiversitylibrary.org/page/42669871,BHL item 135969 (Quarto ed.); IA NorthAmericanwiIIIWalc leaf n262
Orchis spectabilis Linnaeus,Showy Orchis,4,241,https://www.biodiversitylibrary.org/pageimage/42669167,https://www.biodiversitylibrary.org/page/42669167,BHL item 135967 (Quarto ed.); IA NorthAmericanwiIVWalc leaf n98
Pogonia divaricata (Linnaeus) Robert Brown,Rosebud Orchid,4,242,https://www.biodiversitylibrary.org/pageimage/42669169,https://www.biodiversitylibrary.org/page/42669169,BHL item 135967 (Quarto ed.); IA NorthAmericanwiIVWalc leaf n100
Habenaria grandiflora (Bigelow) Torrey,Large Purple Fringe-orchid,4,243,https://www.biodiversitylibrary.org/pageimage/42669171,https://www.biodiversitylibrary.org/page/42669171,BHL item 135967 (Quarto ed.); IA NorthAmericanwiIVWalc leaf n102
Franklinia alatamaha Marshall,Franklinia,4,244,https://www.biodiversitylibrary.org/pageimage/42669173,https://www.biodiversitylibrary.org/page/42669173,BHL item 135967 (Quarto ed.); IA NorthAmericanwiIVWalc leaf n104
Phlox divaricata Linnaeus,Blue Phlox,4,245,https://www.biodiversitylibrary.org/pageimage/42669175,https://www.biodiversitylibrary.org/page/42669175,BHL item 135967 (Quarto ed.); IA NorthAmericanwiIVWalc leaf n106
Collinsia verna Nuttall,Blue-eyed-mary,4,246,https://www.biodiversitylibrary.org/pageimage/42669177,https://www.biodiversitylibrary.org/page/42669177,BHL item 135967 (Quarto ed.); IA NorthAmericanwiIVWalc leaf n108
Bikukulla cucullaria (Linnaeus) Millspaugh,Dutchmans-breeches,4,247,https://www.biodiversitylibrary.org/pageimage/42669179,https://www.biodiversitylibrary.org/page/42669179,BHL item 135967 (Quarto ed.); IA NorthAmericanwiIVWalc leaf n110
Silene caroliniana Walter,Peatpink,4,248,https://www.biodiversitylibrary.org/pageimage/42669181,https://www.biodiversitylibrary.org/page/42669181,BHL item 135967 (Quarto ed.); IA NorthAmericanwiIVWalc leaf n112
Dentaria laciniata Muhlenberg,Cut Toothwort,4,249,https://www.biodiversitylibrary.org/pageimage/42669183,https://www.biodiversitylibrary.org/page/42669183,BHL item 135967 (Quarto ed.); IA NorthAmericanwiIVWalc leaf n114
Sarracenia rubra Walter,Sweet Pitcherplant,4,250,https://www.biodiversitylibrary.org/pageimage/42669185,https://www.biodiversitylibrary.org/page/42669185,BHL item 135967 (Quarto ed.); IA NorthAmericanwiIVWalc leaf n116
Sarracenia minor Walter,Hooded Pitcherplant,4,251,https://www.biodiversitylibrary.org/pageimage/42669187,https://www.biodiversitylibrary.org/page/42669187,BHL item 135967 (Quarto ed.); IA NorthAmericanwiIVWalc leaf n118
Porteranthus trifoliatus (Linnaeus) Britton,Bowmansroot,4,252,https://www.biodiversitylibrary.org/pageimage/42669189,https://www.biodiversitylibrary.org/page/42669189,BHL item 135967 (Quarto ed.); IA NorthAmericanwiIVWalc leaf n120
Azalea vaseyi (Gray) Rehder,Pinkshell Azalea,4,253,https://www.biodiversitylibrary.org/pageimage/42669191,https://www.biodiversitylibrary.org/page/42669191,BHL item 135967 (Quarto ed.); IA NorthAmericanwiIVWalc leaf n122
Rhododendron maximum Linnaeus,Rosebay Rhododendron,4,254,https://www.biodiversitylibrary.org/pageimage/42669193,https://www.biodiversitylibrary.org/page/42669193,BHL item 135967 (Quarto ed.); IA NorthAmericanwiIVWalc leaf n124
Atamosco atamasco (Linnaeus) Greene,Atamasco-lily,4,255,https://www.biodiversitylibrary.org/pageimage/42669195,https://www.biodiversitylibrary.org/page/42669195,BHL item 135967 (Quarto ed.); IA NorthAmericanwiIVWalc leaf n126
Lilium superbum Linnaeus,Turkscap Lily,4,256,https://www.biodiversitylibrary.org/pageimage/42669197,https://www.biodiversitylibrary.org/page/42669197,BHL item 135967 (Quarto ed.); IA NorthAmericanwiIVWalc leaf n128
Polygala lutea Linnaeus,Orange Polygala,4,257,https://www.biodiversitylibrary.org/pageimage/42669199,https://www.biodiversitylibrary.org/page/42669199,BHL item 135967 (Quarto ed.); IA NorthAmericanwiIVWalc leaf n130
Pedicularis bracteosa Bentham,Red-helmet,4,258,https://www.biodiversitylibrary.org/pageimage/42669201,https://www.biodiversitylibrary.org/page/42669201,BHL item 135967 (Quarto ed.); IA NorthAmericanwiIVWalc leaf n132
Chelone glabra Linnaeus,Turtlehead,4,259,https://www.biodiversitylibrary.org/pageimage/42669203,https://www.biodiversitylibrary.org/page/42669203,BHL item 135967 (Quarto ed.); IA NorthAmericanwiIVWalc leaf n134
Sambucus pubens Michaux,Scarlet Elder,4,260,https://www.biodiversitylibrary.org/pageimage/42669205,https://www.biodiversitylibrary.org/page/42669205,BHL item 135967 (Quarto ed.); IA NorthAmericanwiIVWalc leaf n136
Anisostichus capreolatus (Linnaeus) Bureau,Crossvine,4,261,https://www.biodiversitylibrary.org/pageimage/42669207,https://www.biodiversitylibrary.org/page/42669207,BHL item 135967 (Quarto ed.); IA NorthAmericanwiIVWalc leaf n138
Monotropa uniflora Linnaeus,Indianpipe,4,262,https://www.biodiversitylibrary.org/pageimage/42669209,https://www.biodiversitylibrary.org/page/42669209,BHL item 135967 (Quarto ed.); IA NorthAmericanwiIVWalc leaf n140
Lobelia cardinalis Linnaeus,Cardinalflower,4,263,https://www.biodiversitylibrary.org/pageimage/42669211,https://www.biodiversitylibrary.org/page/42669211,BHL item 135967 (Quarto ed.); IA NorthAmericanwiIVWalc leaf n142
Zenobia cassinifolia (Ventenat) Pollard,Zenobia,4,264,https://www.biodiversitylibrary.org/pageimage/42669213,https://www.biodiversitylibrary.org/page/42669213,BHL item 135967 (Quarto ed.); IA NorthAmericanwiIVWalc leaf n144
Phoradendron flavescens (Pursh) Nuttall,American Mistletoe,4,265,https://www.biodiversitylibrary.org/pageimage/42669215,https://www.biodiversitylibrary.org/page/42669215,BHL item 135967 (Quarto ed.); IA NorthAmericanwiIVWalc leaf n146
Ilex opaca Aiton,American Holly,4,266,https://www.biodiversitylibrary.org/pageimage/42669217,https://www.biodiversitylibrary.org/page/42669217,BHL item 135967 (Quarto ed.); IA NorthAmericanwiIVWalc leaf n148
Tsuga mertensiana (Bongard) Sargent,Mountain Hemlock,4,267,https://www.biodiversitylibrary.org/pageimage/42669219,https://www.biodiversitylibrary.org/page/42669219,BHL item 135967 (Quarto ed.); IA NorthAmericanwiIVWalc leaf n150
Tsuga heterophylla (Rafinesque) Sargent,Western Hemlock,4,268,https://www.biodiversitylibrary.org/pageimage/42669221,https://www.biodiversitylibrary.org/page/42669221,BHL item 135967 (Quarto ed.); IA NorthAmericanwiIVWalc leaf n152
Larix occidentalis Nuttall,Western Larch,4,269,https://www.biodiversitylibrary.org/pageimage/42669223,https://www.biodiversitylibrary.org/page/42669223,BHL item 135967 (Quarto ed.); IA NorthAmericanwiIVWalc leaf n154
Pseudotsuga mucronata (Rafinesque) Sudworth,Douglas-fir,4,270,https://www.biodiversitylibrary.org/pageimage/42669225,https://www.biodiversitylibrary.org/page/42669225,BHL item 135967 (Quarto ed.); IA NorthAmericanwiIVWalc leaf n156
Cornus canadensis Linnaeus,Bunchberry (flower),4,271,https://www.biodiversitylibrary.org/pageimage/42669227,https://www.biodiversitylibrary.org/page/42669227,same species as plate 272 (fruit); BHL item 135967 (Quarto ed.); IA NorthAmericanwiIVWalc leaf n158
Cornus canadensis Linnaeus,Bunchberry (fruit),4,272,https://www.biodiversitylibrary.org/pageimage/42669229,https://www.biodiversitylibrary.org/page/42669229,same species as plate 271 (flower); BHL item 135967 (Quarto ed.); IA NorthAmericanwiIVWalc leaf n160
Moneses uniflora (Linnaeus) Gray,Woodnymph,4,273,https://www.biodiversitylibrary.org/pageimage/42669231,https://www.biodiversitylibrary.org/page/42669231,BHL item 135967 (Quarto ed.); IA NorthAmericanwiIVWalc leaf n162
Primula maccalliana Wiegand,Alberta Primrose,4,274,https://www.biodiversitylibrary.org/pageimage/42669233,https://www.biodiversitylibrary.org/page/42669233,BHL item 135967 (Quarto ed.); IA NorthAmericanwiIVWalc leaf n164
Senecio lugens Richardson,Mourning Groundsel,4,275,https://www.biodiversitylibrary.org/pageimage/42669235,https://www.biodiversitylibrary.org/page/42669235,BHL item 135967 (Quarto ed.); IA NorthAmericanwiIVWalc leaf n166
Dodecatheon pauciflorum (Durand) Greene,Slender Shootingstar,4,276,https://www.biodiversitylibrary.org/pageimage/42669237,https://www.biodiversitylibrary.org/page/42669237,BHL item 135967 (Quarto ed.); IA NorthAmericanwiIVWalc leaf n168
Salix nivalis Hooker,Snow Willow,4,277,https://www.biodiversitylibrary.org/pageimage/42669239,https://www.biodiversitylibrary.org/page/42669239,BHL item 135967 (Quarto ed.); IA NorthAmericanwiIVWalc leaf n170
Phacelia sericea (Graham) Gray,Gray Phacelia,4,278,https://www.biodiversitylibrary.org/pageimage/42669241,https://www.biodiversitylibrary.org/page/42669241,BHL item 135967 (Quarto ed.); IA NorthAmericanwiIVWalc leaf n172
Lychnis apetala Linnaeus,Nodding Campion,4,279,https://www.biodiversitylibrary.org/pageimage/42669243,https://www.biodiversitylibrary.org/page/42669243,BHL item 135967 (Quarto ed.); IA NorthAmericanwiIVWalc leaf n174
Erigeron aureus Greene,Golden Fleabane,4,280,https://www.biodiversitylibrary.org/pageimage/42669245,https://www.biodiversitylibrary.org/page/42669245,BHL item 135967 (Quarto ed.); IA NorthAmericanwiIVWalc leaf n176
Carex aurea Nuttall,Golden Sedge,4,281,https://www.biodiversitylibrary.org/pageimage/42669247,https://www.biodiversitylibrary.org/page/42669247,BHL item 135967 (Quarto ed.); IA NorthAmericanwiIVWalc leaf n178
Oxytropis podocarpa Gray,Alpine Pointvetch (flower),4,282,https://www.biodiversitylibrary.org/pageimage/42669249,https://www.biodiversitylibrary.org/page/42669249,same species as plate 283 (fruit); BHL item 135967 (Quarto ed.); IA NorthAmericanwiIVWalc leaf n180
Oxytropis podocarpa Gray,Alpine Pointvetch (fruit),4,283,https://www.biodiversitylibrary.org/pageimage/42669251,https://www.biodiversitylibrary.org/page/42669251,same species as plate 282 (flower); BHL item 135967 (Quarto ed.); IA NorthAmericanwiIVWalc leaf n182
Kalmia microphylla (Hooker) Heller,Rocky Mountain Kalmia,4,284,https://www.biodiversitylibrary.org/pageimage/42669253,https://www.biodiversitylibrary.org/page/42669253,BHL item 135967 (Quarto ed.); IA NorthAmericanwiIVWalc leaf n184
Pyrola secunda Linnaeus,Sidebells Pyrola,4,285,https://www.biodiversitylibrary.org/pageimage/42669255,https://www.biodiversitylibrary.org/page/42669255,BHL item 135967 (Quarto ed.); IA NorthAmericanwiIVWalc leaf n186
Antennaria rosea (Aiton) Greene,Pink Pussytoes,4,286,https://www.biodiversitylibrary.org/pageimage/42669257,https://www.biodiversitylibrary.org/page/42669257,BHL item 135967 (Quarto ed.); IA NorthAmericanwiIVWalc leaf n188
Caltha leptosepala De Candolle,Elkslip,4,287,https://www.biodiversitylibrary.org/pageimage/42669259,https://www.biodiversitylibrary.org/page/42669259,BHL item 135967 (Quarto ed.); IA NorthAmericanwiIVWalc leaf n190
Artemisia discolor Douglas,Rock Wormwood,4,288,https://www.biodiversitylibrary.org/pageimage/42669261,https://www.biodiversitylibrary.org/page/42669261,BHL item 135967 (Quarto ed.); IA NorthAmericanwiIVWalc leaf n192
Anaphalis margaritacea (Linnaeus) Gray,Pearl Everlasting,4,289,https://www.biodiversitylibrary.org/pageimage/42669263,https://www.biodiversitylibrary.org/page/42669263,BHL item 135967 (Quarto ed.); IA NorthAmericanwiIVWalc leaf n194
Erigeron salsuginosus (Richardson) Gray,Alaska Fleabane,4,290,https://www.biodiversitylibrary.org/pageimage/42669265,https://www.biodiversitylibrary.org/page/42669265,BHL item 135967 (Quarto ed.); IA NorthAmericanwiIVWalc leaf n196
Anemone globosa Nuttall,Globe Anemone,4,291,https://www.biodiversitylibrary.org/pageimage/42669267,https://www.biodiversitylibrary.org/page/42669267,BHL item 135967 (Quarto ed.); IA NorthAmericanwiIVWalc leaf n198
Aquilegia brevistyla Hooker,Shortspur Columbine,4,292,https://www.biodiversitylibrary.org/pageimage/42669269,https://www.biodiversitylibrary.org/page/42669269,BHL item 135967 (Quarto ed.); IA NorthAmericanwiIVWalc leaf n200
Rubus pedatus Smith,Red Dewberry,4,293,https://www.biodiversitylibrary.org/pageimage/42669271,https://www.biodiversitylibrary.org/page/42669271,BHL item 135967 (Quarto ed.); IA NorthAmericanwiIVWalc leaf n202
Gentiana acuta Michaux,Ladder Gentian,4,294,https://www.biodiversitylibrary.org/pageimage/42669273,https://www.biodiversitylibrary.org/page/42669273,BHL item 135967 (Quarto ed.); IA NorthAmericanwiIVWalc leaf n204
Astragalus alpinus Linnaeus,Alpine Milkvetch,4,295,https://www.biodiversitylibrary.org/pageimage/42669275,https://www.biodiversitylibrary.org/page/42669275,BHL item 135967 (Quarto ed.); IA NorthAmericanwiIVWalc leaf n206
Potentilla glaucophylla Lehmann,Grayleaf Fivefinger,4,296,https://www.biodiversitylibrary.org/pageimage/42669277,https://www.biodiversitylibrary.org/page/42669277,BHL item 135967 (Quarto ed.); IA NorthAmericanwiIVWalc leaf n208
Thermopsis rhombifolia (Nuttall) Richardson,Goldenpea,4,297,https://www.biodiversitylibrary.org/pageimage/42669279,https://www.biodiversitylibrary.org/page/42669279,BHL item 135967 (Quarto ed.); IA NorthAmericanwiIVWalc leaf n210
Menziesia glabella Gray,Western Menziesia,4,298,https://www.biodiversitylibrary.org/pageimage/42669281,https://www.biodiversitylibrary.org/page/42669281,BHL item 135967 (Quarto ed.); IA NorthAmericanwiIVWalc leaf n212
Trillium chloropetalum (Torrey) Howell,Giant Trillium,4,299,https://www.biodiversitylibrary.org/pageimage/42669283,https://www.biodiversitylibrary.org/page/42669283,BHL item 135967 (Quarto ed.); IA NorthAmericanwiIVWalc leaf n214
Epilobium luteum Pursh,Yellow Willow-weed,4,300,https://www.biodiversitylibrary.org/pageimage/42669285,https://www.biodiversitylibrary.org/page/42669285,BHL item 135967 (Quarto ed.); IA NorthAmericanwiIVWalc leaf n216
Epilobium angustifolium Linnaeus,Fireweed,4,301,https://www.biodiversitylibrary.org/pageimage/42669287,https://www.biodiversitylibrary.org/page/42669287,BHL item 135967 (Quarto ed.); IA NorthAmericanwiIVWalc leaf n218
Xerophyllum tenax (Pursh) Nuttall,Beargrass,4,302,https://www.biodiversitylibrary.org/pageimage/42669289,https://www.biodiversitylibrary.org/page/42669289,BHL item 135967 (Quarto ed.); IA NorthAmericanwiIVWalc leaf n220
Centaurium venustum (Gray) Robinson,Pink Centaurium,4,303,https://www.biodiversitylibrary.org/pageimage/42669291,https://www.biodiversitylibrary.org/page/42669291,BHL item 135967 (Quarto ed.); IA NorthAmericanwiIVWalc leaf n222
Allium cernuum Roth,Nodding Onion,4,304,https://www.biodiversitylibrary.org/pageimage/42669293,https://www.biodiversitylibrary.org/page/42669293,BHL item 135967 (Quarto ed.); IA NorthAmericanwiIVWalc leaf n224
Rhododendron albiflorum Hooker,Rocky Mountain Rhododendron,4,305,https://www.biodiversitylibrary.org/pageimage/42669295,https://www.biodiversitylibrary.org/page/42669295,BHL item 135967 (Quarto ed.); IA NorthAmericanwiIVWalc leaf n226
Anemone deltoidea Hooker,Forest Anemone,4,306,https://www.biodiversitylibrary.org/pageimage/42669297,https://www.biodiversitylibrary.org/page/42669297,BHL item 135967 (Quarto ed.); IA NorthAmericanwiIVWalc leaf n228
Geranium viscosissimum Fischer and Meyer,Western Cranesbill,4,307,https://www.biodiversitylibrary.org/pageimage/42669299,https://www.biodiversitylibrary.org/page/42669299,BHL item 135967 (Quarto ed.); IA NorthAmericanwiIVWalc leaf n230
Echinocereus viridiflorus Engelmann,Green Strawberry-cactus,4,308,https://www.biodiversitylibrary.org/pageimage/42669301,https://www.biodiversitylibrary.org/page/42669301,BHL item 135967 (Quarto ed.); IA NorthAmericanwiIVWalc leaf n232
Cirsium undulatum (Nuttall) Sprengel,Prairie Thistle,4,309,https://www.biodiversitylibrary.org/pageimage/42669303,https://www.biodiversitylibrary.org/page/42669303,BHL item 135967 (Quarto ed.); IA NorthAmericanwiIVWalc leaf n234
Calochortus splendens Douglas,Lilac Mariposa,4,310,https://www.biodiversitylibrary.org/pageimage/42669305,https://www.biodiversitylibrary.org/page/42669305,BHL item 135967 (Quarto ed.); IA NorthAmericanwiIVWalc leaf n236
Sphaeralcea davidsonii Robinson,Orange-eye Globemallow,4,311,https://www.biodiversitylibrary.org/pageimage/42669307,https://www.biodiversitylibrary.org/page/42669307,BHL item 135967 (Quarto ed.); IA NorthAmericanwiIVWalc leaf n238
Eriophorum angustifolium Roth,Tassel Cottongrass,4,312,https://www.biodiversitylibrary.org/pageimage/42669309,https://www.biodiversitylibrary.org/page/42669309,BHL item 135967 (Quarto ed.); IA NorthAmericanwiIVWalc leaf n240
Mimulus guttatus Don,Western Monkeyflower,4,313,https://www.biodiversitylibrary.org/pageimage/42669311,https://www.biodiversitylibrary.org/page/42669311,BHL item 135967 (Quarto ed.); IA NorthAmericanwiIVWalc leaf n242
Calochortus clavatus Watson,Goldenbowl Mariposa,4,314,https://www.biodiversitylibrary.org/pageimage/42669313,https://www.biodiversitylibrary.org/page/42669313,BHL item 135967 (Quarto ed.); IA NorthAmericanwiIVWalc leaf n244
Diplacus puniceus Nuttall,Red Monkeyflower,4,315,https://www.biodiversitylibrary.org/pageimage/42669315,https://www.biodiversitylibrary.org/page/42669315,BHL item 135967 (Quarto ed.); IA NorthAmericanwiIVWalc leaf n246
Lilium columbianum Hanson,Columbia Lily,4,316,https://www.biodiversitylibrary.org/pageimage/42669317,https://www.biodiversitylibrary.org/page/42669317,BHL item 135967 (Quarto ed.); IA NorthAmericanwiIVWalc leaf n248
Viburnum pauciflorum Pylaie,Cranberrybush,4,317,https://www.biodiversitylibrary.org/pageimage/42669319,https://www.biodiversitylibrary.org/page/42669319,BHL item 135967 (Quarto ed.); IA NorthAmericanwiIVWalc leaf n250
Gentiana calycosa Grisebach,Ruff Gentian,4,318,https://www.biodiversitylibrary.org/pageimage/42669321,https://www.biodiversitylibrary.org/page/42669321,BHL item 135967 (Quarto ed.); IA NorthAmericanwiIVWalc leaf n252
Pentstemon menziesii Hooker,Menzies Pentstemon,4,319,https://www.biodiversitylibrary.org/pageimage/42669323,https://www.biodiversitylibrary.org/page/42669323,BHL item 135967 (Quarto ed.); IA NorthAmericanwiIVWalc leaf n254
Petalostemon purpureum (Ventenat) Rydberg,Purple Prairieclover,4,320,https://www.biodiversitylibrary.org/pageimage/42669325,https://www.biodiversitylibrary.org/page/42669325,BHL item 135967 (Quarto ed.); IA NorthAmericanwiIVWalc leaf n256
Cornus florida Linnaeus,Flowering Dogwood (flower),5,321,https://www.biodiversitylibrary.org/pageimage/42669447,https://www.biodiversitylibrary.org/page/42669447,same species as plate 322 (fruit); BHL item 135968 (Quarto ed.); IA NorthAmericanwiVWalcA leaf n118
Cornus florida Linnaeus,Flowering Dogwood (fruit),5,322,https://www.biodiversitylibrary.org/pageimage/42669449,https://www.biodiversitylibrary.org/page/42669449,same species as plate 321 (flower); BHL item 135968 (Quarto ed.); IA NorthAmericanwiVWalcA leaf n120
Hamamelis virginiana Linnaeus,Witch-hazel,5,323,https://www.biodiversitylibrary.org/pageimage/42669451,https://www.biodiversitylibrary.org/page/42669451,BHL item 135968 (Quarto ed.); IA NorthAmericanwiVWalcA leaf n122
Passiflora incarnata Linnaeus,Maypop,5,324,https://www.biodiversitylibrary.org/pageimage/42669453,https://www.biodiversitylibrary.org/page/42669453,BHL item 135968 (Quarto ed.); IA NorthAmericanwiVWalcA leaf n124
Magnolia virginiana Linnaeus,Sweetbay,5,325,https://www.biodiversitylibrary.org/pageimage/42669455,https://www.biodiversitylibrary.org/page/42669455,BHL item 135968 (Quarto ed.); IA NorthAmericanwiVWalcA leaf n126
Kalmia angustifolia Linnaeus,Lambkill,5,326,https://www.biodiversitylibrary.org/pageimage/42669457,https://www.biodiversitylibrary.org/page/42669457,BHL item 135968 (Quarto ed.); IA NorthAmericanwiVWalcA leaf n128
Cypripedium acaule Aiton,Pink Ladyslipper,5,327,https://www.biodiversitylibrary.org/pageimage/42669459,https://www.biodiversitylibrary.org/page/42669459,BHL item 135968 (Quarto ed.); IA NorthAmericanwiVWalcA leaf n130
Asimina triloba (Linnaeus) Dunal,Papaw,5,328,https://www.biodiversitylibrary.org/pageimage/42669461,https://www.biodiversitylibrary.org/page/42669461,BHL item 135968 (Quarto ed.); IA NorthAmericanwiVWalcA leaf n132
Sarracenia drummondii Croom,Drummond Pitcherplant,5,329,https://www.biodiversitylibrary.org/pageimage/42669463,https://www.biodiversitylibrary.org/page/42669463,BHL item 135968 (Quarto ed.); IA NorthAmericanwiVWalcA leaf n134
Magnolia cordata Michaux,Yellow Cucumbertree,5,330,https://www.biodiversitylibrary.org/pageimage/42669465,https://www.biodiversitylibrary.org/page/42669465,BHL item 135968 (Quarto ed.); IA NorthAmericanwiVWalcA leaf n136
Arisaema triphyllum (Linnaeus) Torrey,Jack-in-the-pulpit,5,331,https://www.biodiversitylibrary.org/pageimage/42669467,https://www.biodiversitylibrary.org/page/42669467,BHL item 135968 (Quarto ed.); IA NorthAmericanwiVWalcA leaf n138
Iris versicolor Linnaeus,Blueflag Iris,5,332,https://www.biodiversitylibrary.org/pageimage/42669469,https://www.biodiversitylibrary.org/page/42669469,BHL item 135968 (Quarto ed.); IA NorthAmericanwiVWalcA leaf n140
Stewartia malachodendron Linnaeus,Virginia Stewartia,5,333,https://www.biodiversitylibrary.org/pageimage/42669471,https://www.biodiversitylibrary.org/page/42669471,BHL item 135968 (Quarto ed.); IA NorthAmericanwiVWalcA leaf n142
Trillium album (Michaux) Small,Wax Trillium,5,334,https://www.biodiversitylibrary.org/pageimage/42669473,https://www.biodiversitylibrary.org/page/42669473,BHL item 135968 (Quarto ed.); IA NorthAmericanwiVWalcA leaf n144
Pinus taeda Linnaeus,Loblolly Pine,5,335,https://www.biodiversitylibrary.org/pageimage/42669475,https://www.biodiversitylibrary.org/page/42669475,BHL item 135968 (Quarto ed.); IA NorthAmericanwiVWalcA leaf n146
Gentiana crinita Froelich,Fringed Gentian,5,336,https://www.biodiversitylibrary.org/pageimage/42669477,https://www.biodiversitylibrary.org/page/42669477,BHL item 135968 (Quarto ed.); IA NorthAmericanwiVWalcA leaf n148
Epidendrum nocturnum Jacquin,White Epidendrum,5,337,https://www.biodiversitylibrary.org/pageimage/42669479,https://www.biodiversitylibrary.org/page/42669479,BHL item 135968 (Quarto ed.); IA NorthAmericanwiVWalcA leaf n150
Clintonia borealis (Aiton) Rafinesque,Bluebead,5,338,https://www.biodiversitylibrary.org/pageimage/42669481,https://www.biodiversitylibrary.org/page/42669481,BHL item 135968 (Quarto ed.); IA NorthAmericanwiVWalcA leaf n152
Erythronium americanum Ker,Yellow Troutlily,5,339,https://www.biodiversitylibrary.org/pageimage/42669483,https://www.biodiversitylibrary.org/page/42669483,BHL item 135968 (Quarto ed.); IA NorthAmericanwiVWalcA leaf n154
Habenaria ciliaris (Linnaeus) Robert Brown,Yellow Fringeorchid,5,340,https://www.biodiversitylibrary.org/pageimage/42669485,https://www.biodiversitylibrary.org/page/42669485,BHL item 135968 (Quarto ed.); IA NorthAmericanwiVWalcA leaf n156
Rubus parviflorus Nuttall,Whiteflowering Raspberry,5,341,https://www.biodiversitylibrary.org/pageimage/42669487,https://www.biodiversitylibrary.org/page/42669487,BHL item 135968 (Quarto ed.); IA NorthAmericanwiVWalcA leaf n158
Sabbatia stellaris Pursh,Saltmarsh Rosegentian,5,342,https://www.biodiversitylibrary.org/pageimage/42669489,https://www.biodiversitylibrary.org/page/42669489,BHL item 135968 (Quarto ed.); IA NorthAmericanwiVWalcA leaf n160
Parnassia fimbriata Konig,Fringed Parnassia,5,343,https://www.biodiversitylibrary.org/pageimage/42669491,https://www.biodiversitylibrary.org/page/42669491,BHL item 135968 (Quarto ed.); IA NorthAmericanwiVWalcA leaf n162
Rosa bourgeauiana Crépin,Bourgeau Rose (flower),5,344,https://www.biodiversitylibrary.org/pageimage/42669493,https://www.biodiversitylibrary.org/page/42669493,same species as plate 345 (fruit); BHL item 135968 (Quarto ed.); IA NorthAmericanwiVWalcA leaf n164
Rosa bourgeauiana Crépin,Bourgeau Rose (fruit),5,345,https://www.biodiversitylibrary.org/pageimage/42669495,https://www.biodiversitylibrary.org/page/42669495,same species as plate 344 (flower); BHL item 135968 (Quarto ed.); IA NorthAmericanwiVWalcA leaf n166
Pentstemon lyallii Gray,Purple Pentstemon,5,346,https://www.biodiversitylibrary.org/pageimage/42669497,https://www.biodiversitylibrary.org/page/42669497,BHL item 135968 (Quarto ed.); IA NorthAmericanwiVWalcA leaf n168
Viola canadensis Linnaeus,Canada Violet,5,347,https://www.biodiversitylibrary.org/pageimage/42669499,https://www.biodiversitylibrary.org/page/42669499,BHL item 135968 (Quarto ed.); IA NorthAmericanwiVWalcA leaf n170
Arnica tomentosa Macoun,Woolly Arnica,5,348,https://www.biodiversitylibrary.org/pageimage/42669501,https://www.biodiversitylibrary.org/page/42669501,BHL item 135968 (Quarto ed.); IA NorthAmericanwiVWalcA leaf n172
Chenopodium capitatum (Linnaeus) Ascherson,Strawberry-blite,5,349,https://www.biodiversitylibrary.org/pageimage/42669503,https://www.biodiversitylibrary.org/page/42669503,BHL item 135968 (Quarto ed.); IA NorthAmericanwiVWalcA leaf n174
Peramium decipiens (Hooker) Piper,Western Rattlesnakeplantain,5,350,https://www.biodiversitylibrary.org/pageimage/42669505,https://www.biodiversitylibrary.org/page/42669505,BHL item 135968 (Quarto ed.); IA NorthAmericanwiVWalcA leaf n176
Lappula diffusa (Lehmann) Greene,Bur-forget-me-not,5,351,https://www.biodiversitylibrary.org/pageimage/42669507,https://www.biodiversitylibrary.org/page/42669507,BHL item 135968 (Quarto ed.); IA NorthAmericanwiVWalcA leaf n178
Myosotis alpestris Schmidt,Alpine Forget-me-not,5,352,https://www.biodiversitylibrary.org/pageimage/42669509,https://www.biodiversitylibrary.org/page/42669509,BHL item 135968 (Quarto ed.); IA NorthAmericanwiVWalcA leaf n180
Trollius albiflorus (Gray) Rydberg,White Globeflower,5,353,https://www.biodiversitylibrary.org/pageimage/42669511,https://www.biodiversitylibrary.org/page/42669511,BHL item 135968 (Quarto ed.); IA NorthAmericanwiVWalcA leaf n182
Gaillardia aristata Pursh,Perennial Gaillardia,5,354,https://www.biodiversitylibrary.org/pageimage/42669513,https://www.biodiversitylibrary.org/page/42669513,BHL item 135968 (Quarto ed.); IA NorthAmericanwiVWalcA leaf n184
Arctous alpina (Linnaeus) Niedenzu,Ptarmiganberry,5,355,https://www.biodiversitylibrary.org/pageimage/42669515,https://www.biodiversitylibrary.org/page/42669515,BHL item 135968 (Quarto ed.); IA NorthAmericanwiVWalcA leaf n186
Ibidium strictum (Rydberg) House,Hooded Ladies-tresses,5,356,https://www.biodiversitylibrary.org/pageimage/42669517,https://www.biodiversitylibrary.org/page/42669517,BHL item 135968 (Quarto ed.); IA NorthAmericanwiVWalcA leaf n188
Pentstemon confertus Douglas,Yellow Pentstemon,5,357,https://www.biodiversitylibrary.org/pageimage/42669519,https://www.biodiversitylibrary.org/page/42669519,BHL item 135968 (Quarto ed.); IA NorthAmericanwiVWalcA leaf n190
Quamasia quamash (Pursh) Coville,Camas,5,358,https://www.biodiversitylibrary.org/pageimage/42669521,https://www.biodiversitylibrary.org/page/42669521,BHL item 135968 (Quarto ed.); IA NorthAmericanwiVWalcA leaf n192
Eritrichum elongatum (Rydberg) Wight,Moss Forget-me-not,5,359,https://www.biodiversitylibrary.org/pageimage/42669523,https://www.biodiversitylibrary.org/page/42669523,BHL item 135968 (Quarto ed.); IA NorthAmericanwiVWalcA leaf n194
Chimaphila umbellata var. occidentalis (Rydberg) Blake,Western Pipsissewa,5,360,https://www.biodiversitylibrary.org/pageimage/42669525,https://www.biodiversitylibrary.org/page/42669525,BHL item 135968 (Quarto ed.); IA NorthAmericanwiVWalcA leaf n196
Comandra livida Richardson,Red Comandra,5,361,https://www.biodiversitylibrary.org/pageimage/42669527,https://www.biodiversitylibrary.org/page/42669527,BHL item 135968 (Quarto ed.); IA NorthAmericanwiVWalcA leaf n198
Fragaria glauca (Watson) Rydberg,Pale Strawberry,5,362,https://www.biodiversitylibrary.org/pageimage/42669529,https://www.biodiversitylibrary.org/page/42669529,BHL item 135968 (Quarto ed.); IA NorthAmericanwiVWalcA leaf n200
Saxifraga lyallii Engler,Redstem Saxifrage,5,363,https://www.biodiversitylibrary.org/pageimage/42669531,https://www.biodiversitylibrary.org/page/42669531,BHL item 135968 (Quarto ed.); IA NorthAmericanwiVWalcA leaf n202
Dryas drummondii Richardson,Yellow Dryad (flower),5,364,https://www.biodiversitylibrary.org/pageimage/42669533,https://www.biodiversitylibrary.org/page/42669533,same species as plate 365 (fruit); BHL item 135968 (Quarto ed.); IA NorthAmericanwiVWalcA leaf n204
Dryas drummondii Richardson,Yellow Dryad (fruit),5,365,https://www.biodiversitylibrary.org/pageimage/42669535,https://www.biodiversitylibrary.org/page/42669535,same species as plate 364 (flower); BHL item 135968 (Quarto ed.); IA NorthAmericanwiVWalcA leaf n206
Valeriana sitchensis Bongard,Heliotrope Valerian,5,366,https://www.biodiversitylibrary.org/pageimage/42669537,https://www.biodiversitylibrary.org/page/42669537,BHL item 135968 (Quarto ed.); IA NorthAmericanwiVWalcA leaf n208
Silene acaulis Linnaeus,Moss Campion,5,367,https://www.biodiversitylibrary.org/pageimage/42669539,https://www.biodiversitylibrary.org/page/42669539,BHL item 135968 (Quarto ed.); IA NorthAmericanwiVWalcA leaf n210
Campanula lasiocarpa Chamisso,Alpine Harebell,5,368,https://www.biodiversitylibrary.org/pageimage/42669541,https://www.biodiversitylibrary.org/page/42669541,BHL item 135968 (Quarto ed.); IA NorthAmericanwiVWalcA leaf n212
Campanula rotundifolia Linnaeus,Harebell,5,369,https://www.biodiversitylibrary.org/pageimage/42669543,https://www.biodiversitylibrary.org/page/42669543,BHL item 135968 (Quarto ed.); IA NorthAmericanwiVWalcA leaf n214
Epilobium latifolium Linnaeus,Red Willowweed,5,370,https://www.biodiversitylibrary.org/pageimage/42669545,https://www.biodiversitylibrary.org/page/42669545,BHL item 135968 (Quarto ed.); IA NorthAmericanwiVWalcA leaf n216
Anemone parviflora Michaux,Northern Anemone,5,371,https://www.biodiversitylibrary.org/pageimage/42669547,https://www.biodiversitylibrary.org/page/42669547,BHL item 135968 (Quarto ed.); IA NorthAmericanwiVWalcA leaf n218
Castilleja miniata Bentham,Alberta Paintbrush,5,372,https://www.biodiversitylibrary.org/pageimage/42669549,https://www.biodiversitylibrary.org/page/42669549,BHL item 135968 (Quarto ed.); IA NorthAmericanwiVWalcA leaf n220
Pedicularis groenlandica Retz,Elephanthead,5,373,https://www.biodiversitylibrary.org/pageimage/42669551,https://www.biodiversitylibrary.org/page/42669551,BHL item 135968 (Quarto ed.); IA NorthAmericanwiVWalcA leaf n222
Mimulus lewisii Pursh,Lewis Monkeyflower,5,374,https://www.biodiversitylibrary.org/pageimage/42669553,https://www.biodiversitylibrary.org/page/42669553,BHL item 135968 (Quarto ed.); IA NorthAmericanwiVWalcA leaf n224
Mimulus caespitosus Greene,Alpine Monkeyflower,5,375,https://www.biodiversitylibrary.org/pageimage/42669555,https://www.biodiversitylibrary.org/page/42669555,BHL item 135968 (Quarto ed.); IA NorthAmericanwiVWalcA leaf n226
Erigeron unalaschensis (De Candolle) Rydberg,Aleutian Fleabane,5,376,https://www.biodiversitylibrary.org/pageimage/42669557,https://www.biodiversitylibrary.org/page/42669557,BHL item 135968 (Quarto ed.); IA NorthAmericanwiVWalcA leaf n228
Pinus albicaulis Engelmann,Whitebark Pine,5,377,https://www.biodiversitylibrary.org/pageimage/42669559,https://www.biodiversitylibrary.org/page/42669559,BHL item 135968 (Quarto ed.); IA NorthAmericanwiVWalcA leaf n230
Picea engelmanni (Parry) Engelmann,Engelmann Spruce,5,378,https://www.biodiversitylibrary.org/pageimage/42669561,https://www.biodiversitylibrary.org/page/42669561,BHL item 135968 (Quarto ed.); IA NorthAmericanwiVWalcA leaf n232
Juniperus horizontalis Moench,Creeping Juniper,5,379,https://www.biodiversitylibrary.org/pageimage/42669563,https://www.biodiversitylibrary.org/page/42669563,BHL item 135968 (Quarto ed.); IA NorthAmericanwiVWalcA leaf n234
Salix drummondiana Barratt,Drummond Willow,5,380,https://www.biodiversitylibrary.org/pageimage/42669565,https://www.biodiversitylibrary.org/page/42669565,BHL item 135968 (Quarto ed.); IA NorthAmericanwiVWalcA leaf n236
Larix lyallii Parlatore,Lyall Latch,5,381,https://www.biodiversitylibrary.org/pageimage/42669567,https://www.biodiversitylibrary.org/page/42669567,BHL item 135968 (Quarto ed.); IA NorthAmericanwiVWalcA leaf n238
Empetrum nigrum Linnaeus,Crowberry,5,382,https://www.biodiversitylibrary.org/pageimage/42669569,https://www.biodiversitylibrary.org/page/42669569,BHL item 135968 (Quarto ed.); IA NorthAmericanwiVWalcA leaf n240
Allium sibericum Linnaeus,Siberian Onion,5,383,https://www.biodiversitylibrary.org/pageimage/42669571,https://www.biodiversitylibrary.org/page/42669571,BHL item 135968 (Quarto ed.); IA NorthAmericanwiVWalcA leaf n242
Delphinium depauperatum Nuttall,Slim Larkspur,5,384,https://www.biodiversitylibrary.org/pageimage/42669573,https://www.biodiversitylibrary.org/page/42669573,BHL item 135968 (Quarto ed.); IA NorthAmericanwiVWalcA leaf n244
Senecio triangularis Hooker,Arrowleaf Groundsel,5,385,https://www.biodiversitylibrary.org/pageimage/42669575,https://www.biodiversitylibrary.org/page/42669575,BHL item 135968 (Quarto ed.); IA NorthAmericanwiVWalcA leaf n246
Pentstemon wrightii Hooker,Wright Pentstemon,5,386,https://www.biodiversitylibrary.org/pageimage/42669577,https://www.biodiversitylibrary.org/page/42669577,BHL item 135968 (Quarto ed.); IA NorthAmericanwiVWalcA leaf n248
Pachylophus marginatus (Nuttall) Rydberg,White Dawnrose,5,387,https://www.biodiversitylibrary.org/pageimage/42669579,https://www.biodiversitylibrary.org/page/42669579,book's genus read by OCR as 'Pachyloplus' in every copy; Pachylophus is the valid spelling; check on the image; BHL item 135968 (Quarto ed.); IA NorthAmericanwiVWalcA leaf n250
Pachylophus hirsutus Rydberg,Evening-primrose,5,388,https://www.biodiversitylibrary.org/pageimage/42669581,https://www.biodiversitylibrary.org/page/42669581,book's genus read by OCR as 'Pachyloplus' in every copy; Pachylophus is the valid spelling; check on the image; BHL item 135968 (Quarto ed.); IA NorthAmericanwiVWalcA leaf n252
Hookera pauciflora (Torrey) Tidestrom,Clusterlily,5,389,https://www.biodiversitylibrary.org/pageimage/42669583,https://www.biodiversitylibrary.org/page/42669583,BHL item 135968 (Quarto ed.); IA NorthAmericanwiVWalcA leaf n254
Chrysamphora californica (Torrey) Greene,California Pitcherplant,5,390,https://www.biodiversitylibrary.org/pageimage/42669585,https://www.biodiversitylibrary.org/page/42669585,BHL item 135968 (Quarto ed.); IA NorthAmericanwiVWalcA leaf n256
Calochortus kennedyi Porter,Scarlet Mariposa,5,391,https://www.biodiversitylibrary.org/pageimage/42669587,https://www.biodiversitylibrary.org/page/42669587,BHL item 135968 (Quarto ed.); IA NorthAmericanwiVWalcA leaf n258
Dendromecon rigidum Bentham,Bushpoppy,5,392,https://www.biodiversitylibrary.org/pageimage/42669589,https://www.biodiversitylibrary.org/page/42669589,BHL item 135968 (Quarto ed.); IA NorthAmericanwiVWalcA leaf n260
Eschscholtzia mexicana Greene,Mexican Poppy,5,393,https://www.biodiversitylibrary.org/pageimage/42669591,https://www.biodiversitylibrary.org/page/42669591,BHL item 135968 (Quarto ed.); IA NorthAmericanwiVWalcA leaf n262
Pentstemon eatonii Gray,Fire Pentstemon,5,394,https://www.biodiversitylibrary.org/pageimage/42669593,https://www.biodiversitylibrary.org/page/42669593,BHL item 135968 (Quarto ed.); IA NorthAmericanwiVWalcA leaf n264
Mimulus cardinalis Douglas,Cardinal Monkeyflower,5,395,https://www.biodiversitylibrary.org/pageimage/42669595,https://www.biodiversitylibrary.org/page/42669595,BHL item 135968 (Quarto ed.); IA NorthAmericanwiVWalcA leaf n266
Fouquieria splendens Engelmann,Ocotillo,5,396,https://www.biodiversitylibrary.org/pageimage/42669597,https://www.biodiversitylibrary.org/page/42669597,BHL item 135968 (Quarto ed.); IA NorthAmericanwiVWalcA leaf n268
Yucca baileyi Wooton and Standley,Yucca,5,397,https://www.biodiversitylibrary.org/pageimage/42669599,https://www.biodiversitylibrary.org/page/42669599,BHL item 135968 (Quarto ed.); IA NorthAmericanwiVWalcA leaf n270
Sphaeralcea grossulariaefolia (Hooker and Arnott) Rydberg,Scarlet Globe-mallow,5,398,https://www.biodiversitylibrary.org/pageimage/42669601,https://www.biodiversitylibrary.org/page/42669601,BHL item 135968 (Quarto ed.); IA NorthAmericanwiVWalcA leaf n272
Tillandsia fasciculata Swartz,Quill-leaf Tillandsia,5,399,https://www.biodiversitylibrary.org/pageimage/42669603,https://www.biodiversitylibrary.org/page/42669603,BHL item 135968 (Quarto ed.); IA NorthAmericanwiVWalcA leaf n274
Sarracenia catesbaei Elliott,Catesby Pitcherplant,5,400,https://www.biodiversitylibrary.org/pageimage/42669605,https://www.biodiversitylibrary.org/page/42669605,BHL item 135968 (Quarto ed.); IA NorthAmericanwiVWalcA leaf n276
