volume,plate,ia_id,leaf,gould_latin,gould_english,tier,birdnet_sci,birdnet_common,in_havell,in_gould_europe,note
I,1,BirdsAsiaJohnGoIGoul,28,Otogyps calvus,Black Vulture,not_in_birdnet,,,,,
I,2,BirdsAsiaJohnGoIGoul,32,Gyps Bengalensis,Bengal Vulture,not_in_birdnet,,,,,
I,3,BirdsAsiaJohnGoIGoul,36,Falco Peregrinator,Shaheen Falcon,form,Falco peregrinus,Peregrine Falcon,y,y,
I,4,BirdsAsiaJohnGoIGoul,40,Falco Babylonicus,Red-naped Falcon,form,Falco peregrinus,Peregrine Falcon,y,y,
I,5,BirdsAsiaJohnGoIGoul,44,Falco sacer,Saker Falcon,not_in_birdnet,,,,,
I,6,BirdsAsiaJohnGoIGoul,48,Falco lamas,Lanner Falcon,not_in_birdnet,,,,,
I,7,BirdsAsiaJohnGoIGoul,52,Falco ducer,Jugger Falcon,not_in_birdnet,,,,,
I,8,BirdsAsiaJohnGoIGoul,56,Erythropus amurensis,White-winged Red-footed Kestrel,probable,Falco amurensis,Amur Falcon,,,
I,9,BirdsAsiaJohnGoIGoul,60,Spilornis rufipectus,Rufous-breasted Spilornis,form,Spilornis cheela,Crested Serpent-Eagle,,,
I,10,BirdsAsiaJohnGoIGoul,64,Spizaetus alboniger,Black-and-white Crested Eagle,not_in_birdnet,,,,,
I,11,BirdsAsiaJohnGoIGoul,68,Milvus Govinda,Govinda Kite,form,Milvus migrans,Black Kite,,y,
I,12,BirdsAsiaJohnGoIGoul,72,Elanus hypoleucus,Celebean Elanus,form,Elanus caeruleus,Black-winged Kite,,y,
I,13,BirdsAsiaJohnGoIGoul,76,Scops pennatus,Indian Scops Owl,form,Otus sunia,Oriental Scops-Owl,,,
I,14,BirdsAsiaJohnGoIGoul,80,Phodilus badius,Bay Owl,exact,Phodilus badius,Oriental Bay-Owl,,,
I,15,BirdsAsiaJohnGoIGoul,84,Athene Brodiei,Brodie's Owlet,probable,Taenioptynx brodiei,Collared Owlet,,,
I,16,BirdsAsiaJohnGoIGoul,88,Syrnium ocellatum,Speckled Wood-Owl,probable,Strix ocellata,Mottled Wood-Owl,,,
I,17,BirdsAsiaJohnGoIGoul,92,Strix indica,Indian Screech Owl,form,Tyto alba,Barn Owl,y,y,
I,18,BirdsAsiaJohnGoIGoul,96,Strix candida,Grass-Owl,not_in_birdnet,,,,,
I,19,BirdsAsiaJohnGoIGoul,100,Caprimulgus Mahrattensis,Mahratta Nightjar,not_in_birdnet,,,,,
I,20,BirdsAsiaJohnGoIGoul,104,Cypselus infumatus,Palm Roof-Swift,form,Cypsiurus balasiensis,Asian Palm-Swift,,,
I,21,BirdsAsiaJohnGoIGoul,108,Dendrochelidon coronatus,Crested Tree-Swift,probable,Hemiprocne coronata,Crested Treeswift,,,
I,22,BirdsAsiaJohnGoIGoul,112,Dendrochelidon Klecho,Klecho Tree-Swift,form,Hemiprocne longipennis,Gray-rumped Treeswift,,,
I,23,BirdsAsiaJohnGoIGoul,116,Dendrochelidon Wallacei,Wallace's Tree-Swift,form,Hemiprocne longipennis,Gray-rumped Treeswift,,,
I,24,BirdsAsiaJohnGoIGoul,120,Dendrochelidon mystaceus,Bearded Tree-Swift,probable,Hemiprocne mystacea,Moustached Treeswift,,,
I,25,BirdsAsiaJohnGoIGoul,124,Dendrochelidon comatus,Hooded Tree-Swift,probable,Hemiprocne comata,Whiskered Treeswift,,,
I,26,BirdsAsiaJohnGoIGoul,128,Hirundo filifera,Wire-tailed Swallow,form,Hirundo smithii,Wire-tailed Swallow,,,
I,27,BirdsAsiaJohnGoIGoul,132,Cecropis rufula,Western Mosque-Swallow,form,Cecropis daurica,Red-rumped Swallow,,y,
I,28,BirdsAsiaJohnGoIGoul,136,Cecropis Daurica,Daurian Mosque-Swallow,exact,Cecropis daurica,Red-rumped Swallow,,y,
I,29,BirdsAsiaJohnGoIGoul,140,Cecropis erythropygia,Indian Mosque-Swallow,form,Cecropis daurica,Red-rumped Swallow,,y,
I,30,BirdsAsiaJohnGoIGoul,144,Cecropis hyperythra,Ceylonese Mosque-Swallow,not_in_birdnet,,,,,
I,31,BirdsAsiaJohnGoIGoul,148,Delichon Nipalensis,Nepal Martin-Swallow,not_in_birdnet,,,,,
I,32,BirdsAsiaJohnGoIGoul,152,Hypurolepis domicola,Bungalow Swallow,not_in_birdnet,,,,,
I,33,BirdsAsiaJohnGoIGoul,156,Lagenoplastes fluvicola,Indian Cliff-Swallow,probable,Petrochelidon fluvicola,Streak-throated Swallow,,,
I,34,BirdsAsiaJohnGoIGoul,160,Merops quinticolor,Pirik Bee-eater,probable,Merops leschenaulti,Chestnut-headed Bee-eater,,,
I,35,BirdsAsiaJohnGoIGoul,164,Merops viridis,Hurrial Bee-eater,exact,Merops viridis,Blue-throated Bee-eater,,,
I,36,BirdsAsiaJohnGoIGoul,168,Merops Philippinus,Philippine Bee-eater,exact,Merops philippinus,Blue-tailed Bee-eater,,,
I,37,BirdsAsiaJohnGoIGoul,172,Nyctiornis Athertoni,Blue-throated Nyctiornis,probable,Nyctyornis athertoni,Blue-bearded Bee-eater,,,
I,38,BirdsAsiaJohnGoIGoul,176,Nyctiornis amictus,Red-throated Nyctiornis,probable,Nyctyornis amictus,Red-bearded Bee-eater,,,
I,39,BirdsAsiaJohnGoIGoul,180,Meropogon Forsteni,Forsten's Bee-eater,not_in_birdnet,,,,,
I,40,BirdsAsiaJohnGoIGoul,184,Actenoides Hombroni,Hombron's Kingfisher,not_in_birdnet,,,,,
I,41,BirdsAsiaJohnGoIGoul,188,Actenoides Lindsayi,Lindsay's Kingfisher,exact,Actenoides lindsayi,Spotted Kingfisher,,,
I,42,BirdsAsiaJohnGoIGoul,192,Actenoides concretus,Sumatra Kingfisher,exact,Actenoides concretus,Rufous-collared Kingfisher,,,
I,43,BirdsAsiaJohnGoIGoul,196,Halcyon fusca,Indian Kingfisher,form,Halcyon smyrnensis,White-throated Kingfisher,,,
I,44,BirdsAsiaJohnGoIGoul,200,Halcyon gularis,Manilla Kingfisher,exact,Halcyon gularis,Brown-breasted Kingfisher,,,
I,45,BirdsAsiaJohnGoIGoul,204,Halcyon atricapillus,Black-capped Kingfisher,probable,Halcyon pileata,Black-capped Kingfisher,,,
I,46,BirdsAsiaJohnGoIGoul,208,Halcyon fulgidus,Blue-and-white Kingfisher,not_in_birdnet,,,,,
I,47,BirdsAsiaJohnGoIGoul,212,Halcyon omnicolor,Many-coloured Kingfisher,form,Todiramphus chloris,Collared Kingfisher,,,
I,48,BirdsAsiaJohnGoIGoul,216,Carcineutes pulchellus,Banded Kingfisher,probable,Lacedo pulchella,Banded Kingfisher,,,
I,49,BirdsAsiaJohnGoIGoul,220,Carcineutes melanops,Black-faced Kingfisher,none,,,,,
I,50,BirdsAsiaJohnGoIGoul,224,Carcineutes amabilis,Tenasserim Kingfisher,form,Lacedo pulchella,Banded Kingfisher,,,
I,51,BirdsAsiaJohnGoIGoul,228,Dacelo Tyro,Mantled Kingfisher,unsure,Tanysiptera sylvia,Buff-breasted Paradise-Kingfisher,,,
I,52,BirdsAsiaJohnGoIGoul,232,Alcedo grandis,Great Alcedo,not_in_birdnet,,,,,
I,53,BirdsAsiaJohnGoIGoul,236,Alcedo Bengalensis,Indian Kingfisher,form,Alcedo atthis,Common Kingfisher,,y,
I,54,BirdsAsiaJohnGoIGoul,240,Coracias indica,Indian Roller,probable,Coracias benghalensis,Indian Roller,,,
I,55,BirdsAsiaJohnGoIGoul,244,Coracias affinis,Burmese Roller,not_in_birdnet,,,,,
I,56,BirdsAsiaJohnGoIGoul,248,Coracias Temmincki,Temminck's Roller,not_in_birdnet,,,,,
I,57,BirdsAsiaJohnGoIGoul,252,Eurylaimus Javanicus,Javan Eurylaime,exact,Eurylaimus javanicus,Banded Broadbill,,,
I,58,BirdsAsiaJohnGoIGoul,256,Eurylaimus ochromelas,Hooded Eurylaime,not_in_birdnet,,,,,
I,59,BirdsAsiaJohnGoIGoul,260,Cymbirhynchus macrorhynchus,Great-billed Eurylaime,probable,Cymbirhynchus macrorhynchos,Black-and-red Broadbill,,,
I,60,BirdsAsiaJohnGoIGoul,264,Cymbirhynchus affinis,Allied Eurylaime,form,Cymbirhynchus macrorhynchos,Black-and-red Broadbill,,,
I,61,BirdsAsiaJohnGoIGoul,268,Corydon Sumatranus,Great Eurylaime,exact,Corydon sumatranus,Dusky Broadbill,,,
I,62,BirdsAsiaJohnGoIGoul,272,Serilophus lunatus,Lunated Eurylaime,exact,Serilophus lunatus,Silver-breasted Broadbill,,,
I,63,BirdsAsiaJohnGoIGoul,276,Serilophus rubropygius,Red-backed EEurylaime,form,Serilophus lunatus,Silver-breasted Broadbill,,,
I,64,BirdsAsiaJohnGoIGoul,280,Psarisoinus Dalhousie,Dalhousie's Eurylaime,probable,Psarisomus dalhousiae,Long-tailed Broadbill,,,
I,65,BirdsAsiaJohnGoIGoul,284,Sarcophanops Steerii,Steere's Broadbill,not_in_birdnet,,,,,
I,66,BirdsAsiaJohnGoIGoul,288,Upupa nigripennis,Indian Hoopoe,form,Upupa epops,Eurasian Hoopoe,,y,
I,67,BirdsAsiaJohnGoIGoul,292,Harpactes Duvauceli,Duvaucel's Trogon,probable,Harpactes duvaucelii,Scarlet-rumped Trogon,,,
I,68,BirdsAsiaJohnGoIGoul,296,Harpactes rutilus,Malacca Trogon,form,Harpactes duvaucelii,Scarlet-rumped Trogon,,,
I,69,BirdsAsiaJohnGoIGoul,300,Harpactes Hodgsoni,Hodgson's Trogon,form,Harpactes erythrocephalus,Red-headed Trogon,,,
I,70,BirdsAsiaJohnGoIGoul,304,Harpactes Diardi,Diard's Trogon,probable,Harpactes diardii,Diard's Trogon,,,
I,71,BirdsAsiaJohnGoIGoul,308,Harpactes Oreskios,Mountain Trogon,exact,Harpactes oreskios,Orange-breasted Trogon,,,
I,72,BirdsAsiaJohnGoIGoul,312,Harpactes Reinwardti,Reinwardt's Trogon,not_in_birdnet,,,,,
I,73,BirdsAsiaJohnGoIGoul,316,Harpactes Mackloti,Macklot's Trogon,not_in_birdnet,,,,,
I,74,BirdsAsiaJohnGoIGoul,320,Harpactes Kasumba,Kasumba Trogon,exact,Harpactes kasumba,Red-naped Trogon,,,
I,75,BirdsAsiaJohnGoIGoul,324,Harpactes fasciatus,Fasciated Trogon,exact,Harpactes fasciatus,Malabar Trogon,,,
I,76,BirdsAsiaJohnGoIGoul,328,Harpactes ardens,Rosy-breasted Trogon,exact,Harpactes ardens,Philippine Trogon,,,
II,1,BirdsAsiaJohnGoIIGoul,12,Cochoa viridis,Green Cochoa,exact,Cochoa viridis,Green Cochoa,,,
II,2,BirdsAsiaJohnGoIIGoul,16,Cochoa purpurea,Purple Cochoa,none,,,,,
II,3,BirdsAsiaJohnGoIIGoul,20,Pericrocotus griseogularis,Grey-throated Pericrocotus,form,Pericrocotus solaris,Gray-chinned Minivet,,,
II,4,BirdsAsiaJohnGoIIGoul,24,Pericrocotus cantonensis,Canton Pericrocotus,exact,Pericrocotus cantonensis,Brown-rumped Minivet,,,
II,5,BirdsAsiaJohnGoIIGoul,28,Pericrocotus solaris,Yellow-throated Pericrocotus,exact,Pericrocotus solaris,Gray-chinned Minivet,,,
II,6,BirdsAsiaJohnGoIIGoul,32,Pericrocotus erythropygius,Cawnpore Pericrocotus,exact,Pericrocotus erythropygius,White-bellied Minivet,,,
II,7,BirdsAsiaJohnGoIIGoul,36,Pericrocotus speciosus,Great Pericrocotus,exact,Pericrocotus speciosus,Scarlet Minivet,,,
II,8,BirdsAsiaJohnGoIIGoul,40,Pericrocotus flammeus,Orange Pericrocotus,exact,Pericrocotus flammeus,Orange Minivet,,,
II,9,BirdsAsiaJohnGoIIGoul,44,Pericrocotus peregrinus,Little Pericrocotus,probable,Pericrocotus cinnamomeus,Small Minivet,,,
II,10,BirdsAsiaJohnGoIIGoul,48,Pericrocotus roseus,Rosy Pericrocotus,not_in_birdnet,,,,,
II,11,BirdsAsiaJohnGoIIGoul,52,Pericrocotus cinereus,Grey Pericrocotus,probable,Pericrocotus divaricatus,Ashy Minivet,,,
II,12,BirdsAsiaJohnGoIIGoul,56,Hylopterpe philippinensis,Philippine-Island Thickhead,probable,Pachycephala philippinensis,Yellow-bellied Whistler,,,
II,13,BirdsAsiaJohnGoIIGoul,60,Pteruthius eralatus,Grey-headed Pteruthius,probable,Pteruthius aeralatus,Blyth's Shrike-Babbler,,,
II,14,BirdsAsiaJohnGoIIGoul,64,Pteruthius erythropterus,Himalayan Pteruthius,form,Pteruthius aeralatus,Blyth's Shrike-Babbler,,,
II,15,BirdsAsiaJohnGoIIGoul,68,Pteruthius rufiventer,Rufous-bellied Pteruthius,exact,Pteruthius rufiventer,Black-headed Shrike-Babbler,,,
II,16,BirdsAsiaJohnGoIIGoul,72,Allotrius melanotis,Black-eared Allotrius,probable,Pteruthius melanotis,Black-eared Shrike-Babbler,,,
II,17,BirdsAsiaJohnGoIIGoul,76,Allotrius xanthochloris,Yellow-green Allotrius,probable,Pteruthius xanthochlorus,Green Shrike-Babbler,,,
II,18,BirdsAsiaJohnGoIIGoul,80,Muscipeta Paradisi,Paradise Flycatcher,probable,Terpsiphone paradisi,Indian Paradise-Flycatcher,,,
II,19,BirdsAsiaJohnGoIIGoul,84,Muscipeta Incei,Ince's Paradise Flycatcher,probable,Terpsiphone incei,Amur Paradise-Flycatcher,,,
II,20,BirdsAsiaJohnGoIIGoul,88,Niltava grandis,Grand Niltava,exact,Niltava grandis,Large Niltava,,,
II,21,BirdsAsiaJohnGoIIGoul,92,Niltava Sundara,Sundara Niltava,exact,Niltava sundara,Rufous-bellied Niltava,,,
II,22,BirdsAsiaJohnGoIIGoul,96,Niltava MacGregoriae,MacGregor's Niltava,probable,Niltava macgrigoriae,Small Niltava,,,
II,23,BirdsAsiaJohnGoIIGoul,100,Nectarinia Osea,Jericho Sun-bird,probable,Cinnyris osea,Palestine Sunbird,,,
II,24,BirdsAsiaJohnGoIIGoul,104,Nectarinia Zelonica,Ceylonese Sun-bird,probable,Leptocoma zeylonica,Purple-rumped Sunbird,,,
II,25,BirdsAsiaJohnGoIIGoul,108,Nectarinia insignis,Penang Sun-bird,form,Aethopyga siparaja,Crimson Sunbird,,,
II,26,BirdsAsiaJohnGoIIGoul,112,Nectarinia Gouldiae,Mrs. Gould's Sun-bird,probable,Aethopyga gouldiae,Mrs. Gould's Sunbird,,,
II,27,BirdsAsiaJohnGoIIGoul,116,Nectarinia saturata,Black-breasted Sun-bird,probable,Aethopyga saturata,Black-throated Sunbird,,,
II,28,BirdsAsiaJohnGoIIGoul,120,Nectarinia ignicauda,Fiery-tailed Sun-bird,probable,Aethopyga ignicauda,Fire-tailed Sunbird,,,
II,29,BirdsAsiaJohnGoIIGoul,124,Nectarinia Goalpariensis,Goulpourah Sun-bird,form,Aethopyga siparaja,Crimson Sunbird,,,
II,30,BirdsAsiaJohnGoIIGoul,128,Nectarinia Vigorsii,Vigors' Sun-bird,probable,Aethopyga vigorsii,Vigors's Sunbird,,,
II,31,BirdsAsiaJohnGoIIGoul,132,Nectarinia Nipalensis,Nepaulese Sun-bird,probable,Aethopyga nipalensis,Green-tailed Sunbird,,,
II,32,BirdsAsiaJohnGoIIGoul,136,Nectarinia Asiatica,Asiatic Sun-bird,probable,Cinnyris asiaticus,Purple Sunbird,,,
II,33,BirdsAsiaJohnGoIIGoul,140,Nectarinia Lotenia,Loten's Sun-bird,probable,Cinnyris lotenius,Loten's Sunbird,,,
II,34,BirdsAsiaJohnGoIIGoul,144,Zosterops simplex,Plain Zosterops,exact,Zosterops simplex,Swinhoe's White-eye,,,
II,35,BirdsAsiaJohnGoIIGoul,148,Zosterops erythropleura,Chestnut-sided Zosterops,probable,Zosterops erythropleurus,Chestnut-flanked White-eye,,,
II,36,BirdsAsiaJohnGoIIGoul,152,Diceum retrocinctum,Red-collared Diceum,none,,,,,
II,37,BirdsAsiaJohnGoIIGoul,156,Diceum dorsale,Yellow-throated Diceum,none,,,,,
II,38,BirdsAsiaJohnGoIIGoul,160,Diceum cruentum,Red-backed Dicaeum,probable,Dicaeum cruentatum,Scarlet-backed Flowerpecker,,,
II,39,BirdsAsiaJohnGoIIGoul,164,Diceum Pryeri,Pryer's Dicaeum,none,,,,,
II,40,BirdsAsiaJohnGoIIGoul,168,Myzanthe ignipectus,Fire-breasted Myzanthe,probable,Dicaeum ignipectus,Fire-breasted Flowerpecker,,,
II,41,BirdsAsiaJohnGoIIGoul,172,Prionochilus vincens,Legge's Flower-pecker,not_in_birdnet,,,,,
II,42,BirdsAsiaJohnGoIIGoul,176,Sitta nagaensis,Naga Nuthatch,exact,Sitta nagaensis,Chestnut-vented Nuthatch,,,
II,43,BirdsAsiaJohnGoIIGoul,180,Sitta formosa,Beautiful Nuthatch,not_in_birdnet,,,,,
II,44,BirdsAsiaJohnGoIIGoul,184,Sitta cinnamomeoventris,Cinnamon-bellied Nuthatch,probable,Sitta cinnamoventris,Chestnut-bellied Nuthatch,,,
II,45,BirdsAsiaJohnGoIIGoul,188,Sitta castaneoventris,Chestnut-bellied Nuthatch,not_in_birdnet,,,,,
II,46,BirdsAsiaJohnGoIIGoul,192,Sitta leucopsis,White-faced Nuthatch,not_in_birdnet,,,,,
II,47,BirdsAsiaJohnGoIIGoul,196,Sitta Himalayensis,Himalayan Nuthatch,exact,Sitta himalayensis,White-tailed Nuthatch,,,
II,48,BirdsAsiaJohnGoIIGoul,200,Parus venustulus,White-naped Tit,probable,Periparus venustulus,Yellow-bellied Tit,,,
II,49,BirdsAsiaJohnGoIIGoul,204,Parus castaneoventris,Chestnut-bellied Tit,probable,Sittiparus castaneoventris,Chestnut-bellied Tit,,,
II,50,BirdsAsiaJohnGoIIGoul,208,Parus elegans,Elegant Tit,probable,Periparus elegans,Elegant Tit,,,
II,51,BirdsAsiaJohnGoIIGoul,212,Melanochlora Sultanea,Sultan Tit,exact,Melanochlora sultanea,Sultan Tit,,,
II,52,BirdsAsiaJohnGoIIGoul,216,Parus xanthogenys,Yellow-cheeked Tit,probable,Machlolophus xanthogenys,Himalayan Black-lored Tit,,,
II,53,BirdsAsiaJohnGoIIGoul,220,Parus Spilonotus,Spotted Tit,probable,Machlolophus spilonotus,Yellow-cheeked Tit,,,
II,54,BirdsAsiaJohnGoIIGoul,224,Parus Jerdoni,Jerdon's Tit,form,Machlolophus xanthogenys,Himalayan Black-lored Tit,,,
II,55,BirdsAsiaJohnGoIIGoul,228,Parus cinereus,Ash-coloured Tit,exact,Parus cinereus,Cinereous Tit,,,
II,56,BirdsAsiaJohnGoIIGoul,232,Parus minor,Chinese Tit,exact,Parus minor,Japanese Tit,,,
II,57,BirdsAsiaJohnGoIIGoul,236,Parus monticolus,Mountain-Tit,exact,Parus monticolus,Green-backed Tit,,,
II,58,BirdsAsiaJohnGoIIGoul,240,Parus dichrous,Grey Tit,probable,Lophophanes dichrous,Gray-crested Tit,,,
II,59,BirdsAsiaJohnGoIIGoul,244,Parus rubidiventris,Rufous-bellied Tit,probable,Periparus rubidiventris,Rufous-vented Tit,,,
II,60,BirdsAsiaJohnGoIIGoul,248,Parus rufonuchalis,Rufous-naped Tit,probable,Periparus rufonuchalis,Rufous-naped Tit,,,
II,61,BirdsAsiaJohnGoIIGoul,252,Parus melanolophus,Black-crested Tit,form,Periparus ater,Coal Tit,,y,
II,62,BirdsAsiaJohnGoIIGoul,256,Leptopoecile Sophiae,Yarkand Tit,exact,Leptopoecile sophiae,White-browed Tit-Warbler,,,
II,63,BirdsAsiaJohnGoIIGoul,260,Psaltria exilis,Exile Tit,not_in_birdnet,,,,,
II,64,BirdsAsiaJohnGoIIGoul,264,Psaltria erythrocephala,Red-headed Tit,form,Aegithalos concinnus,Black-throated Tit,,,
II,65,BirdsAsiaJohnGoIIGoul,268,Psaltria concinna,Elegant Tit,probable,Aegithalos concinnus,Black-throated Tit,,,
II,66,BirdsAsiaJohnGoIIGoul,272,Psaltria leucogenys,Afghan Tit,not_in_birdnet,,,,,
II,67,BirdsAsiaJohnGoIIGoul,276,Acanthiparus niveogularis,White-throated Tit,probable,Aegithalos niveogularis,White-throated Tit,,,
II,68,BirdsAsiaJohnGoIIGoul,280,Acanthiparus Jouschistos,Chestnut-breasted Tit,probable,Aegithalos iouschistos,Black-browed Tit,,,
II,69,BirdsAsiaJohnGoIIGoul,284,Mecistura glaucogularis,Silvery-throated Tit,probable,Aegithalos glaucogularis,Silver-throated Tit,,,
II,70,BirdsAsiaJohnGoIIGoul,288,Aigithalus consobrinus,Chinese Penduline Tit,probable,Remiz consobrinus,Chinese Penduline-Tit,,,
II,71,BirdsAsiaJohnGoIIGoul,292,Aigithalus flammiceps,Flame-fronted Flower-pecker,not_in_birdnet,,,,,
II,72,BirdsAsiaJohnGoIIGoul,296,Oriolus chinensis,Philippine Oriole,exact,Oriolus chinensis,Black-naped Oriole,,,
II,73,BirdsAsiaJohnGoIIGoul,300,Oriolus Broderipi,Broderip's Oriole,none,,,,,
II,74,BirdsAsiaJohnGoIIGoul,304,Psaropholus Trailli,Maroon Oriole,probable,Oriolus traillii,Maroon Oriole,,,
II,75,BirdsAsiaJohnGoIIGoul,308,Psaropholus ardens,Red Oriole,unsure,Oriolus cruentus,Black-and-crimson Oriole,,,
III,1,BirdsAsiaJohnGoIIIGoul,12,Turdus fuscatus,Clouded Thrush,probable,Turdus eunomus,Dusky Thrush,,,
III,2,BirdsAsiaJohnGoIIIGoul,16,Turdus ruficollis,Red-throated Thrush,exact,Turdus ruficollis,Red-throated Thrush,,,
III,3,BirdsAsiaJohnGoIIIGoul,20,Turdus Gouldi,Gould's Thrush,none,,,,,
III,4,BirdsAsiaJohnGoIIIGoul,24,Merula unicolor,Affghan Thrush,probable,Turdus unicolor,Tickell's Thrush,,,
III,5,BirdsAsiaJohnGoIIIGoul,28,Merula castanea,Chestnut-coloured Merula,form,Turdus rubrocanus,Chestnut Thrush,,,
III,6,BirdsAsiaJohnGoIIIGoul,32,Merula albocincta,White-collared Merula,probable,Turdus albocinctus,White-collared Blackbird,,,
III,7,BirdsAsiaJohnGoIIIGoul,36,Merula Boulboul,Grey-winged Merula,probable,Turdus boulboul,Gray-winged Blackbird,,,
III,8,BirdsAsiaJohnGoIIIGoul,40,Petrocincla erythrogastra,Chestnut-bellied Rock-Thrush,probable,Monticola rufiventris,Chestnut-bellied Rock-Thrush,,,
III,9,BirdsAsiaJohnGoIIIGoul,44,Spizixos canifrons,Crested Spizixos,exact,Spizixos canifrons,Crested Finchbill,,,
III,10,BirdsAsiaJohnGoIIIGoul,48,Spizixos semitorques,Chinese Spizixos,exact,Spizixos semitorques,Collared Finchbill,,,
III,11,BirdsAsiaJohnGoIIIGoul,52,Ixus sinensis,Chinese Bulbul,probable,Pycnonotus sinensis,Light-vented Bulbul,,,
III,12,BirdsAsiaJohnGoIIIGoul,56,Hypsipetes nigerrima,Formosan Hypsipetes,form,Hypsipetes leucocephalus,Black Bulbul,,,
III,13,BirdsAsiaJohnGoIIIGoul,60,Phyllornis Javensis,Javanese Phyllornis,none,,,,,
III,14,BirdsAsiaJohnGoIIIGoul,64,Phyllornis Hardwicki,Hardwick's Phyllornis,probable,Chloropsis hardwickii,Orange-bellied Leafbird,,,
III,15,BirdsAsiaJohnGoIIIGoul,68,Phyllornis Hodgsoni,Hodgson's Phyllornis,none,,,,,
III,16,BirdsAsiaJohnGoIIIGoul,72,Phyllornis Malabaricus,Malabar Phyllornis,unsure,Chloropsis jerdoni,Jerdon's Leafbird,,,
III,17,BirdsAsiaJohnGoIIIGoul,76,Phyllornis Jerdoni,Jerdon's Phyllornis,probable,Chloropsis jerdoni,Jerdon's Leafbird,,,
III,18,BirdsAsiaJohnGoIIIGoul,80,Phyllornis cyanopogon,All-green Phyllornis,probable,Chloropsis cyanopogon,Lesser Green Leafbird,,,
III,19,BirdsAsiaJohnGoIIIGoul,84,Irena cyanea,Malayan Fairy Bluebird,none,,,,,
III,20,BirdsAsiaJohnGoIIIGoul,88,Irena criniger,Bornean Fairy Bluebird,none,,,,,
III,21,BirdsAsiaJohnGoIIIGoul,92,Irena puella,Indian Fairy Bluebird,exact,Irena puella,Asian Fairy-bluebird,,,
III,22,BirdsAsiaJohnGoIIIGoul,96,Irena cyanogastra,Blue-mantled Fairy Bluebird,exact,Irena cyanogastra,Philippine Fairy-bluebird,,,
III,23,BirdsAsiaJohnGoIIIGoul,100,Irena melanochlamys,Black-mantled Fairy Bluebird,none,,,,,
III,24,BirdsAsiaJohnGoIIIGoul,104,Copsychus saularis,Dial Bird,exact,Copsychus saularis,Oriental Magpie-Robin,,,
III,25,BirdsAsiaJohnGoIIIGoul,108,Copsychus Mindanensis,Malaccan Dial Bird,exact,Copsychus mindanensis,Philippine Magpie-Robin,,,
III,26,BirdsAsiaJohnGoIIIGoul,112,Copsychus suavis,Chestnut-bellied Dial Bird,form,Copsychus malabaricus,White-rumped Shama,,,
III,27,BirdsAsiaJohnGoIIIGoul,116,Myiophoneus Blighi,Bligh's Whistling Thrush,not_in_birdnet,,,,,
III,28,BirdsAsiaJohnGoIIIGoul,120,Myiophoneus insularis,Formosan Whistling Thrush,probable,Myophonus insularis,Taiwan Whistling-Thrush,,,
III,29,BirdsAsiaJohnGoIIIGoul,124,Callene albiventris,White-bellied Callene,probable,Sholicola albiventris,White-bellied Sholakili,,,
III,30,BirdsAsiaJohnGoIIIGoul,128,Leioptila annectens,Slender-billed Chat-Thrush,exact,Leioptila annectens,Rufous-backed Sibia,,,
III,31,BirdsAsiaJohnGoIIIGoul,132,Conostoma emodium,Himalayan Conostoma,probable,Conostoma aemodium,Great Parrotbill,,,
III,32,BirdsAsiaJohnGoIIIGoul,136,Sibia melanoleuca,Black-and-white Sibia,probable,Heterophasia melanoleuca,Black-backed Sibia,,,
III,33,BirdsAsiaJohnGoIIIGoul,140,Pomatorhinus erythrocnemis,Red-kneed Pomatorhinus,probable,Erythrogenys erythrocnemis,Black-necklaced Scimitar-Babbler,,,
III,34,BirdsAsiaJohnGoIIIGoul,144,Xiphoramphus superciliaris,Scimitar-bill,probable,Pomatorhinus superciliaris,Slender-billed Scimitar-Babbler,,,
III,35,BirdsAsiaJohnGoIIIGoul,148,Trochalopteron phoeniceum,Crimson-winged Trochalopteron,not_in_birdnet,,,,,
III,36,BirdsAsiaJohnGoIIIGoul,152,Trochalopteron formosum,Beautiful Trochalopteron,not_in_birdnet,,,,,
III,37,BirdsAsiaJohnGoIIIGoul,156,Trochalopteron affine,Allied Thrush,exact,Trochalopteron affine,Black-faced Laughingthrush,,,
III,38,BirdsAsiaJohnGoIIIGoul,160,Trochalopteron variegatum,Variegated Thrush,exact,Trochalopteron variegatum,Variegated Laughingthrush,,,
III,39,BirdsAsiaJohnGoIIIGoul,164,Trochalopteron cineraceum,Cinereous Trochalopteron,none,,,,,
III,40,BirdsAsiaJohnGoIIIGoul,168,Trochalopteron virgatum,White-eyebrowed Trochalopteron,exact,Trochalopteron virgatum,Striped Laughingthrush,,,
III,41,BirdsAsiaJohnGoIIIGoul,172,Trochalopteron Blythii,Blyth's Laughing Thrush,none,,,,,
III,42,BirdsAsiaJohnGoIIIGoul,176,Trochalopteron Elliotii,Elliot's Trochalopteron,exact,Trochalopteron elliotii,Elliot's Laughingthrush,,,
III,43,BirdsAsiaJohnGoIIIGoul,180,Trochalopteron melanostigma,Tickell's Laughing Thrush,exact,Trochalopteron melanostigma,Silver-eared Laughingthrush,,,
III,44,BirdsAsiaJohnGoIIIGoul,184,Ianthocincla ocellata,Ocellated Ianthocincla,exact,Ianthocincla ocellata,Spotted Laughingthrush,,,
III,45,BirdsAsiaJohnGoIIIGoul,188,Ianthocincla Artemisiae,Allied Ianthocincla,none,,,,,
III,46,BirdsAsiaJohnGoIIIGoul,192,Ianthocincla lunulata,Lunulated Ianthocincla,none,,,,,
III,47,BirdsAsiaJohnGoIIIGoul,196,Ianthocincla Austeni,Austen's Ianthocincla,none,,,,,
III,48,BirdsAsiaJohnGoIIIGoul,200,Garrulax Delesserti,Delessert's Garrulax,probable,Pterorhinus delesserti,Wayanad Laughingthrush,,,
III,49,BirdsAsiaJohnGoIIIGoul,204,Garrulax gularis,Yellow-throated Garrulax,not_in_birdnet,,,,,
III,50,BirdsAsiaJohnGoIIIGoul,208,Garrulax ruficeps,Red-crowned Garrulax,not_in_birdnet,,,,,
III,51,BirdsAsiaJohnGoIIIGoul,212,Garrulax poecilorhyncha,Black-and-yellow-billed Garrulax,probable,Pterorhinus poecilorhynchus,Rusty Laughingthrush,,,
III,52,BirdsAsiaJohnGoIIIGoul,216,Garrulax galbanus,Black-chinned Garrulax,not_in_birdnet,,,,,
III,53,BirdsAsiaJohnGoIIIGoul,220,Garrulax picticollis,Grey-banded Laughing Thrush,unsure,Garrulax monileger,Lesser Necklaced Laughingthrush,,,
III,54,BirdsAsiaJohnGoIIIGoul,224,Garrulax chinensis,Chinese Garrulax,probable,Pterorhinus chinensis,Black-throated Laughingthrush,,,
III,55,BirdsAsiaJohnGoIIIGoul,228,Pterorhinus Davidi,Pere David's Pterorhinus,exact,Pterorhinus davidi,Pere David's Laughingthrush,,,
III,56,BirdsAsiaJohnGoIIIGoul,232,Actinodura Egertoni,Egerton's Actinodura,exact,Actinodura egertoni,Rusty-fronted Barwing,,,
III,57,BirdsAsiaJohnGoIIIGoul,236,Actinodura Nipalensis,Nepalese Actinodura,exact,Actinodura nipalensis,Hoary-throated Barwing,,,
III,58,BirdsAsiaJohnGoIIIGoul,240,Actinodura Waldeni,Walden's Actinodura,exact,Actinodura waldeni,Streak-throated Barwing,,,
III,59,BirdsAsiaJohnGoIIIGoul,244,Actinodura Ramsayi,Ramsay's Bee-wing,exact,Actinodura ramsayi,Spectacled Barwing,,,
III,60,BirdsAsiaJohnGoIIIGoul,248,Rimator malacoptilus,Long-billed Wren,probable,Napothera malacoptila,Long-billed Wren-Babbler,,,
III,61,BirdsAsiaJohnGoIIIGoul,252,Drymochares stellatus,Stellated Shortwing,not_in_birdnet,,,,,
III,62,BirdsAsiaJohnGoIIIGoul,256,Turdinulus Roberti,Roberts's Pygmy Babbler,none,,,,,
III,63,BirdsAsiaJohnGoIIIGoul,260,Turdinus brevicaudatus,Short-tailed Turdinus,not_in_birdnet,,,,,
III,64,BirdsAsiaJohnGoIIIGoul,264,Yuhina diademata,White-naped Yuhina,not_in_birdnet,,,,,
III,65,BirdsAsiaJohnGoIIIGoul,268,Pellorneum palustre,Marsh Pellorneum,exact,Pellorneum palustre,Marsh Babbler,,,
III,66,BirdsAsiaJohnGoIIIGoul,272,Alcippe brunnea,Brown Alcippe,probable,Schoeniparus brunneus,Dusky Fulvetta,,,
III,67,BirdsAsiaJohnGoIIIGoul,276,Cutia Nipalensis,Nepaul Cutia,exact,Cutia nipalensis,Himalayan Cutia,,,
III,68,BirdsAsiaJohnGoIIIGoul,280,Suthora brunnea,Anderson's Suthora,none,,,,,
III,69,BirdsAsiaJohnGoIIIGoul,284,Suthora munipurensis,Munipur Suthora,none,,,,,
III,70,BirdsAsiaJohnGoIIIGoul,288,Suthora Nipalensis,White-faced Suthora,exact,Suthora nipalensis,Black-throated Parrotbill,,,
III,71,BirdsAsiaJohnGoIIIGoul,292,Suthora fulvifrons,Fulvous-fronted Suthora,none,,,,,
III,72,BirdsAsiaJohnGoIIIGoul,296,Suthora Webbiana,Webb's Suthora,probable,Sinosuthora webbiana,Vinous-throated Parrotbill,,,
III,73,BirdsAsiaJohnGoIIIGoul,300,Paradoxornis Austeni,Austen's Paradoxornis,none,,,,,
III,74,BirdsAsiaJohnGoIIIGoul,304,Paradoxornis Heudei,Pere Heude's Paradoxornis,none,,,,,
III,75,BirdsAsiaJohnGoIIIGoul,308,Paradoxornis flavirostris,Paradoxornis,exact,Paradoxornis flavirostris,Black-breasted Parrotbill,,,
III,76,BirdsAsiaJohnGoIIIGoul,312,Paradoxornis unicolor,Long-tailed Paradoxornis,probable,Cholornis unicolor,Brown Parrotbill,,,
III,77,BirdsAsiaJohnGoIIIGoul,316,Paradoxornis gularis,Grey-crowned Paradoxornis,probable,Psittiparus gularis,Gray-headed Parrotbill,,,
III,78,BirdsAsiaJohnGoIIIGoul,320,Paradoxornis ruficeps,Red-headed Paradoxornis,not_in_birdnet,,,,,
IV,1,BirdsAsiaJohnGoIVGoul,12,Tesia cyaneiventer,Blue-bellied Tesia,probable,Tesia cyaniventer,Gray-bellied Tesia,,,
IV,2,BirdsAsiaJohnGoIVGoul,16,Tesia castaneo-coronata,Chestnut-crowned Tesia,probable,Cettia castaneocoronata,Chestnut-headed Tesia,,,
IV,3,BirdsAsiaJohnGoIVGoul,20,Rhopophilus pekinensis,Chinese Rhopophilus,exact,Rhopophilus pekinensis,Beijing Babbler,,,
IV,4,BirdsAsiaJohnGoIVGoul,24,Suya lepida,Little Suya,none,,,,,
IV,5,BirdsAsiaJohnGoIVGoul,28,Dumetia albogularis,White-throated Dumetia,none,,,,,
IV,6,BirdsAsiaJohnGoIVGoul,32,Dumetia hyperythra,Buff-throated Dumetia,exact,Dumetia hyperythra,Tawny-bellied Babbler,,,
IV,7,BirdsAsiaJohnGoIVGoul,36,Orthotomus longicaudus,Tailor-bird,probable,Orthotomus sutorius,Common Tailorbird,,,
IV,8,BirdsAsiaJohnGoIVGoul,40,Staphida torqueola,Grey-headed Staphida,exact,Staphida torqueola,Indochinese Yuhina,,,
IV,9,BirdsAsiaJohnGoIVGoul,44,Stachyris pyrrhops,Red-eyed Stachyris,probable,Cyanoderma pyrrhops,Black-chinned Babbler,,,
IV,10,BirdsAsiaJohnGoIVGoul,48,Stachyris ruficeps,Red-headed Stachyris,probable,Cyanoderma ruficeps,Rufous-capped Babbler,,,
IV,11,BirdsAsiaJohnGoIVGoul,52,Ixulus castaneiceps,Chestnut-headed Ixulus,none,,,,,
IV,12,BirdsAsiaJohnGoIVGoul,56,Ixulus occipitalis,Thick-billed Ixulus,none,,,,,
IV,13,BirdsAsiaJohnGoIVGoul,60,Ixulus flavicollis,Crested Ixulus,probable,Yuhina flavicollis,Whiskered Yuhina,,,
IV,14,BirdsAsiaJohnGoIVGoul,64,Yuhina occipitalis,Rusty-naped Yuhina,exact,Yuhina occipitalis,Rufous-vented Yuhina,,,
IV,15,BirdsAsiaJohnGoIVGoul,68,Leiothrix luteus,Fork-tailed Leiothrix,probable,Leiothrix lutea,Red-billed Leiothrix,,,
IV,16,BirdsAsiaJohnGoIVGoul,72,Leiothrix argentauris,Silver-eared Leiothrix,exact,Leiothrix argentauris,Silver-eared Mesia,,,
IV,17,BirdsAsiaJohnGoIVGoul,76,Leiothrix laurinae,Laurin's Leiothrix?,none,,,,,
IV,18,BirdsAsiaJohnGoIVGoul,80,Siva strigula,Striped-throated Siva,probable,Actinodura strigula,Chestnut-tailed Minla,,,
IV,19,BirdsAsiaJohnGoIVGoul,84,Siva cyanouroptera,Blue-winged Siva,probable,Actinodura cyanouroptera,Blue-winged Minla,,,
IV,20,BirdsAsiaJohnGoIVGoul,88,Myzornis pyrrhoura,Red-tailed Myzornis,not_in_birdnet,,,,,
IV,21,BirdsAsiaJohnGoIVGoul,92,Cinclus Asiaticus,Asiatic Water-Ouzel,form,Cinclus pallasii,Brown Dipper,,y,
IV,22,BirdsAsiaJohnGoIVGoul,96,Cinclus Pallasi,Pallas's Water-Ouzel,probable,Cinclus pallasii,Brown Dipper,,y,
IV,23,BirdsAsiaJohnGoIVGoul,100,Cinclus sordidus,Sombre-coloured Water-Ouzel,none,,,,,
IV,24,BirdsAsiaJohnGoIVGoul,104,Cinclus leucogaster,White-bellied Water-Ouzel,form,Cinclus cinclus,White-throated Dipper,,y,
IV,25,BirdsAsiaJohnGoIVGoul,108,Cinclus Cashmeriensis,Cashmerian Water-Ouzel,form,Cinclus cinclus,White-throated Dipper,,y,
IV,26,BirdsAsiaJohnGoIVGoul,112,Dromolea picata,Pied Stone-Chat,not_in_birdnet,,,,,
IV,27,BirdsAsiaJohnGoIVGoul,116,Dromolea opistholeuca,White-tailed Stone-Chat,none,,,,,
IV,28,BirdsAsiaJohnGoIVGoul,120,Saxicola capistrata,Grey-capped Stone-Chat,form,Oenanthe pleschanka,Pied Wheatear,,y,
IV,29,BirdsAsiaJohnGoIVGoul,124,Saxicola leucomela,Black-and-White Stone-Chat,probable,Oenanthe pleschanka,Pied Wheatear,,y,
IV,30,BirdsAsiaJohnGoIVGoul,128,Saxicola montana,Mountain Stone-Chat,none,,,,,
IV,31,BirdsAsiaJohnGoIVGoul,132,Saxicola atrogularis,Black-throated Stone-Chat,form,Oenanthe hispanica,Western Black-eared Wheatear,,,
IV,32,BirdsAsiaJohnGoIVGoul,136,Rhodophila melanoleuca,Black-and-White Bush-Chat,probable,Saxicola caprata,Pied Bushchat,,,
IV,33,BirdsAsiaJohnGoIVGoul,140,Pratincola leucura,White-tailed Bush-Chat,not_in_birdnet,,,,,
IV,34,BirdsAsiaJohnGoIVGoul,144,Pratincola Indica,Indian Furze-Chat,none,,,,,
IV,35,BirdsAsiaJohnGoIVGoul,148,Grandala coelicolor,Celestial Grandala,not_in_birdnet,,,,,
IV,36,BirdsAsiaJohnGoIVGoul,152,Ruticilla erythrogastra,Great White-capped Redstart,probable,Phoenicurus leucocephalus,White-capped Redstart,,,
IV,37,BirdsAsiaJohnGoIVGoul,156,Ruticilla erythroprocta,Coal-black Redstart,not_in_birdnet,,,,,
IV,38,BirdsAsiaJohnGoIVGoul,160,Calliope camtschatkensis,Siberian Ruby-throat,probable,Calliope calliope,Siberian Rubythroat,,y,
IV,39,BirdsAsiaJohnGoIVGoul,164,Calliope pectoralis,Himalayan Ruby-throat,exact,Calliope pectoralis,Himalayan Rubythroat,,,
IV,40,BirdsAsiaJohnGoIVGoul,168,Calliope tschebaiewi,Mongolian Ruby-throat,exact,Calliope tschebaiewi,Chinese Rubythroat,,,
IV,41,BirdsAsiaJohnGoIVGoul,172,Accentor montanellus,Mountain Accentor,probable,Prunella montanella,Siberian Accentor,,y,
IV,42,BirdsAsiaJohnGoIVGoul,176,Accentor rubidus,Ruddy Accentor,not_in_birdnet,,,,,
IV,43,BirdsAsiaJohnGoIVGoul,180,Accentor erythropygius,Red-backed Accentor,unsure,Prunella fulvescens,Brown Accentor,,,
IV,44,BirdsAsiaJohnGoIVGoul,184,Accentor Nipalensis,Nepaul Accentor,form,Prunella collaris,Alpine Accentor,,y,
IV,45,BirdsAsiaJohnGoIVGoul,188,Accentor immaculatus,Blue-shouldered Accentor,not_in_birdnet,,,,,
IV,46,BirdsAsiaJohnGoIVGoul,192,Accentor rubeculoides,Red-breasted Accentor,probable,Prunella rubeculoides,Robin Accentor,,,
IV,47,BirdsAsiaJohnGoIVGoul,196,Accentor strophiatus,Banded Accentor,probable,Prunella strophiata,Rufous-breasted Accentor,,,
IV,48,BirdsAsiaJohnGoIVGoul,200,Accentor atrogularis,Black-throated Accentor,not_in_birdnet,,,,,
IV,49,BirdsAsiaJohnGoIVGoul,204,Accentor Altaicus,Altaian Accentor,not_in_birdnet,,,,,
IV,50,BirdsAsiaJohnGoIVGoul,208,Sylvia nana,Desert Whitethroat,not_in_birdnet,,,,,
IV,51,BirdsAsiaJohnGoIVGoul,212,Troglodytes Nipalensis,Nepaulese Wren,form,Troglodytes troglodytes,Eurasian Wren,y,y,
IV,52,BirdsAsiaJohnGoIVGoul,216,Anorthura formosa,Spotted Wren,probable,Elachura formosa,Spotted Elachura,,,
IV,53,BirdsAsiaJohnGoIVGoul,220,Urocichla longicauda,Long-tailed Hill-Wren,none,,,,,
IV,54,BirdsAsiaJohnGoIVGoul,224,Sphenocichla Roberti,Robert's Wedge-billed Wren,not_in_birdnet,,,,,
IV,55,BirdsAsiaJohnGoIVGoul,228,Sphenocichla Humii,Hume's Wedge-billed Wren,not_in_birdnet,,,,,
IV,56,BirdsAsiaJohnGoIVGoul,232,Salpornis spilonota,Spotted Creeper,not_in_birdnet,,,,,
IV,57,BirdsAsiaJohnGoIVGoul,236,Certhia Nipalensis,Nepaulese Creeper,not_in_birdnet,,,,,
IV,58,BirdsAsiaJohnGoIVGoul,240,Certhia Himalayana,Himalayan Creeper,exact,Certhia himalayana,Bar-tailed Treecreeper,,,
IV,59,BirdsAsiaJohnGoIVGoul,244,Phyllopneuste tristis,(no English name printed),form,Phylloscopus collybita,Common Chiffchaff,,y,
IV,60,BirdsAsiaJohnGoIVGoul,248,Regulus himalayensis,Himalayan Goldcrest,form,Regulus regulus,Goldcrest,,y,
IV,61,BirdsAsiaJohnGoIVGoul,252,Motacilla Maderaspatensis,Great Pied Wagtail,exact,Motacilla maderaspatensis,White-browed Wagtail,,,
IV,62,BirdsAsiaJohnGoIVGoul,256,Motacilla Dukhunensis,Deccan Wagtail,form,Motacilla alba,White Wagtail,,y,
IV,63,BirdsAsiaJohnGoIVGoul,260,Motacilla personata,Masked Wagtail,form,Motacilla alba,White Wagtail,,y,
IV,64,BirdsAsiaJohnGoIVGoul,264,Budytes citreoloides,Yellow-headed Wagtail,form,Motacilla citreola,Citrine Wagtail,,y,
IV,65,BirdsAsiaJohnGoIVGoul,268,Pipastes agilis,Indian Tree-Pipit,probable,Anthus hodgsoni,Olive-backed Pipit,,,
IV,66,BirdsAsiaJohnGoIVGoul,272,Anthus cervinus,Red-throated Pipit,exact,Anthus cervinus,Red-throated Pipit,,y,
IV,67,BirdsAsiaJohnGoIVGoul,276,Limonidromus Indicus,Variegated Wagtail,probable,Dendronanthus indicus,Forest Wagtail,,,
IV,68,BirdsAsiaJohnGoIVGoul,280,Enicurus maculatus,Lunated Forktail,exact,Enicurus maculatus,Spotted Forktail,,,
IV,69,BirdsAsiaJohnGoIVGoul,284,Enicurus guttatus,Spotted Forktail,form,Enicurus maculatus,Spotted Forktail,,,
IV,70,BirdsAsiaJohnGoIVGoul,288,Enicurus Chinensis,Chinese Forktail,unsure,Enicurus schistaceus,Slaty-backed Forktail,,,
IV,71,BirdsAsiaJohnGoIVGoul,292,Enicurus Scouleri,Scouler's Forktail,not_in_birdnet,,,,,
IV,72,BirdsAsiaJohnGoIVGoul,296,Melanocorypha maxima,Long-billed Calandre,exact,Melanocorypha maxima,Tibetan Lark,,,
V,1,BirdsAsiaJohnGoVGoul,12,Montifringilla Adamsii,Adams's Mountain Finch,not_in_birdnet,,,,,
V,2,BirdsAsiaJohnGoVGoul,16,Montifringilla arctoa,Northern Mountain Finch,not_in_birdnet,,,,,
V,3,BirdsAsiaJohnGoVGoul,20,Montifringilla haematopygia,Red-rumped Mountain Finch,none,,,,,
V,4,BirdsAsiaJohnGoVGoul,24,Montifringilla brunneinucha,Brown-naped Mountain Finch,none,,,,,
V,5,BirdsAsiaJohnGoVGoul,28,Montifringilla ruficollis,Red-necked Mountain Finch,not_in_birdnet,,,,,
V,6,BirdsAsiaJohnGoVGoul,32,Emberiza caniceps,Grey-capped Bunting,unsure,Emberiza buchanani,Gray-necked Bunting,,,
V,7,BirdsAsiaJohnGoVGoul,36,Emberiza pusilla,Dwarf Bunting,exact,Emberiza pusilla,Little Bunting,,,
V,8,BirdsAsiaJohnGoVGoul,40,Emberiza cinerea,Cinereous Bunting,probable,Emberiza cineracea,Cinereous Bunting,,,
V,9,BirdsAsiaJohnGoVGoul,44,Emberiza fucata,Painted Bunting,exact,Emberiza fucata,Chestnut-eared Bunting,,,
V,10,BirdsAsiaJohnGoVGoul,48,Emberiza rustica,Rustic Bunting,exact,Emberiza rustica,Rustic Bunting,,y,
V,11,BirdsAsiaJohnGoVGoul,52,Glycyspina Huttoni,Hutton's Bunting,unsure,Emberiza stewarti,White-capped Bunting,,,
V,12,BirdsAsiaJohnGoVGoul,56,Euspiza elegans,Elegant Bunting,probable,Emberiza elegans,Yellow-throated Bunting,,,
V,13,BirdsAsiaJohnGoVGoul,60,Euspiza melanocephala,Black-headed Bunting,probable,Emberiza melanocephala,Black-headed Bunting,,y,
V,14,BirdsAsiaJohnGoVGoul,64,Euspiza luteola,Red-headed Bunting,probable,Emberiza bruniceps,Red-headed Bunting,,,
V,15,BirdsAsiaJohnGoVGoul,68,Passer ammodendri,Turkestan Sparrow,exact,Passer ammodendri,Saxaul Sparrow,,,
V,16,BirdsAsiaJohnGoVGoul,72,Fringilla Burtoni,Burton's Grosbeak,probable,Callacanthis burtoni,Spectacled Finch,,,
V,17,BirdsAsiaJohnGoVGoul,76,Carduelis orientalis,Eastern Goldfinch,form,Carduelis carduelis,European Goldfinch,y,y,"caniceps trap: grey-headed goldfinch, not the European bird"
V,18,BirdsAsiaJohnGoVGoul,80,Eophona personata,Masked Grosbeak,exact,Eophona personata,Japanese Grosbeak,,,
V,19,BirdsAsiaJohnGoVGoul,84,Eophona melanura,Black-tailed Grosbeak,probable,Eophona migratoria,Yellow-billed Grosbeak,,,
V,20,BirdsAsiaJohnGoVGoul,88,Mycerobas melanoxanthus,Black-and-Yellow Grosbeak,not_in_birdnet,,,,,
V,21,BirdsAsiaJohnGoVGoul,92,Mycerobas carneipes,Flesh-footed Grosbeak,probable,Mycerobas carnipes,White-winged Grosbeak,,,
V,22,BirdsAsiaJohnGoVGoul,96,Hesperiphona icterioides,Icterine Grosbeak,probable,Mycerobas icterioides,Black-and-yellow Grosbeak,,,
V,23,BirdsAsiaJohnGoVGoul,100,Hesperiphona affinis,Allied Grosbeak,probable,Mycerobas affinis,Collared Grosbeak,,,
V,24,BirdsAsiaJohnGoVGoul,104,Haematospiza Sipahi,Sepoy Finch,not_in_birdnet,,,,,
V,25,BirdsAsiaJohnGoVGoul,108,Carpodacus rubicilla,Caucasian Grosbeak,exact,Carpodacus rubicilla,Great Rosefinch,,,
V,26,BirdsAsiaJohnGoVGoul,112,Carpodacus rhodochlamys,Red-mantled Grosbeak,not_in_birdnet,,,,,
V,27,BirdsAsiaJohnGoVGoul,116,Uragus sibiricus,Siberian Grosbeak,probable,Carpodacus sibiricus,Long-tailed Rosefinch,,y,
V,28,BirdsAsiaJohnGoVGoul,120,Rhodopechys sanguinea,Crimson-winged Finch,not_in_birdnet,,,,,
V,29,BirdsAsiaJohnGoVGoul,124,Erythrospiza obsoleta,Rosy-winged Finch,probable,Rhodospiza obsoleta,Desert Finch,,,
V,30,BirdsAsiaJohnGoVGoul,128,Erythrospiza incarnata,Rosy Finch,unsure,Carpodacus synoicus,Sinai Rosefinch,,,
V,31,BirdsAsiaJohnGoVGoul,132,Erythrospiza githaginea,Trumpeter Bullfinch,probable,Bucanetes githagineus,Trumpeter Finch,,y,
V,32,BirdsAsiaJohnGoVGoul,136,Urocynchramus Pylzowi,Pylzoff's Rose-Bunting,exact,Urocynchramus pylzowi,Przevalski's Pinktail,,,
V,33,BirdsAsiaJohnGoVGoul,140,Carpodacus roseus,Rosy Grosbeak,not_in_birdnet,,,,,
V,34,BirdsAsiaJohnGoVGoul,144,Pyrrhula aurantia,Orange-coloured Bullfinch,not_in_birdnet,,,,,
V,35,BirdsAsiaJohnGoVGoul,148,Pyrrhula orientalis,Oriental Bullfinch,unsure,Pyrrhula erythaca,Gray-headed Bullfinch,,,
V,36,BirdsAsiaJohnGoVGoul,152,Pyrrhula erythrocephala,Red-headed Bullfinch,not_in_birdnet,,,,,
V,37,BirdsAsiaJohnGoVGoul,156,Pyrrhula Nipalensis,Nepaulese Bullfinch,exact,Pyrrhula nipalensis,Brown Bullfinch,,,
V,38,BirdsAsiaJohnGoVGoul,160,Pyrrhula major,Northern Bullfineh,form,Pyrrhula pyrrhula,Eurasian Bullfinch,,y,
V,39,BirdsAsiaJohnGoVGoul,164,Pyrrhula erithacus,Beavan's Bullfinch,probable,Pyrrhula erythaca,Gray-headed Bullfinch,,,
V,40,BirdsAsiaJohnGoVGoul,168,Pyrrhula cineracea,Cinereous Bullfinch,form,Pyrrhula pyrrhula,Eurasian Bullfinch,,y,
V,41,BirdsAsiaJohnGoVGoul,172,Loxia Himalayana,Himalayan Crossbill,form,Loxia curvirostra,Red Crossbill,y,y,
V,42,BirdsAsiaJohnGoVGoul,176,Sturnus unicolor,Sardinian Starling,exact,Sturnus unicolor,Spotless Starling,,y,
V,43,BirdsAsiaJohnGoVGoul,180,Sturnus Humii,Hume's Starling,form,Sturnus vulgaris,European Starling,y,y,
V,44,BirdsAsiaJohnGoVGoul,184,Sturnus purpurascens,Persian Starling,form,Sturnus vulgaris,European Starling,y,y,
V,45,BirdsAsiaJohnGoVGoul,188,Amydrus Tristrami,Tristram's Amydrus,probable,Onychognathus tristramii,Tristram's Starling,,,
V,46,BirdsAsiaJohnGoVGoul,192,Urocissa cerulea,Formosan Blue Pie,probable,Urocissa caerulea,Taiwan Blue-Magpie,,,
V,47,BirdsAsiaJohnGoVGoul,196,Urocissa occipitalis,Nepaulese Blue Pie,form,Urocissa erythroryncha,Red-billed Blue-Magpie,,,
V,48,BirdsAsiaJohnGoVGoul,200,Urocissa Sinensis,Chinese Blue Pie,probable,Urocissa erythroryncha,Red-billed Blue-Magpie,,,
V,49,BirdsAsiaJohnGoVGoul,204,Urocissa magnirostris,Great-billed Blue Pie,form,Urocissa erythroryncha,Red-billed Blue-Magpie,,,
V,50,BirdsAsiaJohnGoVGoul,208,Urocissa flavirostris,Yellow-billed Blue Pie,exact,Urocissa flavirostris,Yellow-billed Blue-Magpie,,,
V,51,BirdsAsiaJohnGoVGoul,212,Urocissa cucullata,White-capped Blue Pie,none,,,,,
V,52,BirdsAsiaJohnGoVGoul,216,Crypsirhina cucullata,Hooded Crypsirhina,not_in_birdnet,,,,,
V,53,BirdsAsiaJohnGoVGoul,220,Cissa pyrrhocyanea,Red-and-Blue Cissa,probable,Cissa chinensis,Common Green-Magpie,,,
V,54,BirdsAsiaJohnGoVGoul,224,Cissa venatoria,Hunting Cissa,form,Cissa chinensis,Common Green-Magpie,,,
V,55,BirdsAsiaJohnGoVGoul,228,Pica leucoptera,White-winged Magpie,form,Pica pica,Eurasian Magpie,,y,
V,56,BirdsAsiaJohnGoVGoul,232,Pica Bactriana,Affghan Magpie,form,Pica pica,Eurasian Magpie,,y,
V,57,BirdsAsiaJohnGoVGoul,236,Pica Bottanensis,Bootan Magpie,exact,Pica bottanensis,Black-rumped Magpie,,,
V,58,BirdsAsiaJohnGoVGoul,240,Garrulus Taivanus,Formosan Jay,form,Garrulus glandarius,Eurasian Jay,,y,
V,59,BirdsAsiaJohnGoVGoul,244,Nucifraga multipunctata,Many-spotted Nutcracker,not_in_birdnet,,,,,
V,60,BirdsAsiaJohnGoVGoul,248,Podoces Biddulphi,Biddulph's Podoces,not_in_birdnet,,,,,
V,61,BirdsAsiaJohnGoVGoul,252,Podoces Hendersoni,Henderson's Podoces,exact,Podoces hendersoni,Mongolian Ground-Jay,,,
V,62,BirdsAsiaJohnGoVGoul,256,Podoces Panderi,Pander's Podoces,not_in_birdnet,,,,,
V,63,BirdsAsiaJohnGoVGoul,260,Podoces humilis,Dingy Podoces,probable,Pseudopodoces humilis,Ground Tit,,,
V,64,BirdsAsiaJohnGoVGoul,264,Pitta bengalensis,Bengal Pitta,form,Pitta brachyura,Indian Pitta,,,
V,65,BirdsAsiaJohnGoVGoul,268,Pitta oreas,Formosan Pitta,probable,Pitta nympha,Fairy Pitta,,,
V,66,BirdsAsiaJohnGoVGoul,272,Pitta Ellioti,Elliot's Pitta,probable,Hydrornis elliotii,Bar-bellied Pitta,,,
V,67,BirdsAsiaJohnGoVGoul,276,Pitta granatina,Bornean Pitta,probable,Erythropitta granatina,Garnet Pitta,,,
V,68,BirdsAsiaJohnGoVGoul,280,Pitta coccinea,Malaccan Pitta,not_in_birdnet,,,,,
V,69,BirdsAsiaJohnGoVGoul,284,Pitta arquata,Necklaced Pitta,probable,Erythropitta arquata,Blue-banded Pitta,,,
V,70,BirdsAsiaJohnGoVGoul,288,Pitta megarhyncha,Large-billed Pitta,exact,Pitta megarhyncha,Mangrove Pitta,,,
V,71,BirdsAsiaJohnGoVGoul,292,Pitta Kochi,Koch's Pitta,not_in_birdnet,,,,,
V,72,BirdsAsiaJohnGoVGoul,296,Pitta Baudii,Red-backed Pitta,probable,Hydrornis baudii,Blue-headed Pitta,,,
V,73,BirdsAsiaJohnGoVGoul,300,Pitta Gurneyi,Gurney's Pitta,not_in_birdnet,,,,,
V,74,BirdsAsiaJohnGoVGoul,304,Pitta Steerii,Steere's Pitta,exact,Pitta steerii,Azure-breasted Pitta,,,
V,75,BirdsAsiaJohnGoVGoul,308,Pitta Ussheri,Ussher's Pitta,probable,Erythropitta ussheri,Black-crowned Pitta,,,
V,76,BirdsAsiaJohnGoVGoul,312,Pitta atricapilla,Black-headed Pitta,form,Pitta sordida,Hooded Pitta,,,
V,77,BirdsAsiaJohnGoVGoul,316,Pitta cyanura,Blue-tailed Pitta,not_in_birdnet,,,,,
V,78,BirdsAsiaJohnGoVGoul,320,Pitta Schwaneri,Schwaner's Pitta,probable,Hydrornis schwaneri,Bornean Banded-Pitta,,,
V,79,BirdsAsiaJohnGoVGoul,324,Pitta Nipalensis,Nepaul Pitta,probable,Hydrornis nipalensis,Blue-naped Pitta,,,
V,80,BirdsAsiaJohnGoVGoul,328,Pitta cyanea,Blue Pitta,probable,Hydrornis cyaneus,Blue Pitta,,,
V,81,BirdsAsiaJohnGoVGoul,332,Pitta caerulea,Cerulean Pitta,probable,Hydrornis caeruleus,Giant Pitta,,,
V,82,BirdsAsiaJohnGoVGoul,336,Pitta cucullata,Hooded Pitta,form,Pitta sordida,Hooded Pitta,,,
V,83,BirdsAsiaJohnGoVGoul,340,Pitta Boschii,Van der Bosch's Pitta,none,,,,,
VI,1,BirdsAsiaJohnGoVIGoul,12,Palaeornis Calthropae,Mrs. Layard's Parrakeet,not_in_birdnet,,,,,
VI,2,BirdsAsiaJohnGoVIGoul,16,Paleornis rosa,Blossom-headed Parrakeet,not_in_birdnet,,,,,
VI,3,BirdsAsiaJohnGoVIGoul,20,Paleornis cyanocephala,Burmese Parrakeet,probable,Psittacula cyanocephala,Plum-headed Parakeet,,,
VI,4,BirdsAsiaJohnGoVIGoul,24,Paleornis Luciani,Bonaparte's Parrakeet,form,Psittacula alexandri,Red-breasted Parakeet,,,
VI,5,BirdsAsiaJohnGoVIGoul,28,Paleornis caniceps,Grey-headed Parrakeet,not_in_birdnet,,,,,
VI,6,BirdsAsiaJohnGoVIGoul,32,Paleornis Nicobaricus,Nicobar Parrakeet,form,Psittacula longicauda,Long-tailed Parakeet,,,
VI,7,BirdsAsiaJohnGoVIGoul,36,Paleornis Columboides,Blue-winged Parrakeet,probable,Psittacula columboides,Malabar Parakeet,,,
VI,8,BirdsAsiaJohnGoVIGoul,40,Paleornis schisticeps,Slaty-headed Parrakeet,probable,Psittacula himalayana,Slaty-headed Parakeet,,,
VI,9,BirdsAsiaJohnGoVIGoul,44,Paleornis Derbianus,The Earl of Derby's Parrakeet,not_in_birdnet,,,,,
VI,10,BirdsAsiaJohnGoVIGoul,48,Paleornis Malaccensis,Malacca Parrakeet,probable,Psittacula longicauda,Long-tailed Parakeet,,,
VI,11,BirdsAsiaJohnGoVIGoul,52,Paleornis affinis,Allied Parrakeet,form,Psittacula eupatria,Alexandrine Parakeet,,,
VI,12,BirdsAsiaJohnGoVIGoul,56,Prioniturus setarius,Racket-tailed Parrot,none,,,,,
VI,13,BirdsAsiaJohnGoVIGoul,60,Prioniturus flavicans,Great Racket-tailed Parrot,none,,,,,
VI,14,BirdsAsiaJohnGoVIGoul,64,Prioniturus spatuliger,Philippine Racket-tailed Parrot,none,,,,,
VI,15,BirdsAsiaJohnGoVIGoul,68,Prioniturus discurus,Little Racket-tailed Parrot,none,,,,,
VI,16,BirdsAsiaJohnGoVIGoul,72,Picus insularis,Formosan Spotted Woodpecker,form,Dendrocopos major,Great Spotted Woodpecker,,y,
VI,17,BirdsAsiaJohnGoVIGoul,76,Picus Cabanisi,Chinese Spotted Woodpecker,form,Dendrocopos major,Great Spotted Woodpecker,,y,
VI,18,BirdsAsiaJohnGoVIGoul,80,Hemicercus cordatus,Heart-spotted Woodpecker,probable,Hemicircus canente,Heart-spotted Woodpecker,,,
VI,19,BirdsAsiaJohnGoVIGoul,84,Hemicercus concretus,Javan Spotted Woodpecker,probable,Hemicircus concretus,Gray-and-buff Woodpecker,,,
VI,20,BirdsAsiaJohnGoVIGoul,88,Hemicercus Hartlaubi,Hartlaub's Spotted Woodpecker,none,,,,,
VI,21,BirdsAsiaJohnGoVIGoul,92,Iyngipicus scintilliceps,Swinhoe's Pygmy Woodpecker,form,Yungipicus canicapillus,Gray-capped Pygmy Woodpecker,,,
VI,22,BirdsAsiaJohnGoVIGoul,96,Iyngipicus Doerriesi,Doerries's Pygmy Woodpecker,form,Yungipicus canicapillus,Gray-capped Pygmy Woodpecker,,,
VI,23,BirdsAsiaJohnGoVIGoul,100,Iyngipicus aurantiiventris,Orange-breasted PyzmyWoodpecker,none,,,,,
VI,24,BirdsAsiaJohnGoVIGoul,104,Iyngipicus Ramsayi,Ramsay's Pygmy Woodpecker,none,,,,,
VI,25,BirdsAsiaJohnGoVIGoul,108,Iyngipicus Temmincki,Temminck's Pygmy Woodpecker,none,,,,,
VI,26,BirdsAsiaJohnGoVIGoul,112,Iyngipicus semicoronatus,Darjiling Pygmy Woodpecker,form,Yungipicus canicapillus,Gray-capped Pygmy Woodpecker,,,
VI,27,BirdsAsiaJohnGoVIGoul,116,Iyngipicus canicapillus,Grey-headed Pygmy Woodpecker,probable,Yungipicus canicapillus,Gray-capped Pygmy Woodpecker,,,
VI,28,BirdsAsiaJohnGoVIGoul,120,Iyngipicus Hardwickii,Hardwicke's Pygmy Woodpecker,form,Yungipicus nanus,Brown-capped Pygmy Woodpecker,,,
VI,29,BirdsAsiaJohnGoVIGoul,124,Iyngipicus auritus,Malayan Pygmy Woodpecker,none,,,,,
VI,30,BirdsAsiaJohnGoVIGoul,128,Iyngipicus maculatus,Sonnerat's Pygmy Woodpecker,not_in_birdnet,,,,,
VI,31,BirdsAsiaJohnGoVIGoul,132,Iyngipicus fulvifasciatus,Banded Pygmy Woodpecker,none,,,,,
VI,32,BirdsAsiaJohnGoVIGoul,136,Iyngipicus gymnophthalmus,Ceylonese Pygmy Woodpecker,none,,,,,
VI,33,BirdsAsiaJohnGoVIGoul,140,Iyngipicus peninsularis,Travancore Pygmy Woodpecker,none,,,,,
VI,34,BirdsAsiaJohnGoVIGoul,144,Iyngipicus nanus,Vigors's Pygmy Woodpecker,probable,Yungipicus nanus,Brown-capped Pygmy Woodpecker,,,
VI,35,BirdsAsiaJohnGoVIGoul,148,Gecinus Tancolo,Formosan Green Woodpecker,form,Picus canus,Gray-headed Woodpecker,,y,
VI,36,BirdsAsiaJohnGoVIGoul,152,Chrysophlegma flavinucha,Yellow-naped Woodpecker,exact,Chrysophlegma flavinucha,Greater Yellownape,,,
VI,37,BirdsAsiaJohnGoVIGoul,156,Chrysocolaptes xanthocephalus,Negros Yellow-faced Woodpecker,not_in_birdnet,,,,,
VI,38,BirdsAsiaJohnGoVIGoul,160,Yunx Indica,Indian Wryneck,form,Jynx torquilla,Eurasian Wryneck,,y,
VI,39,BirdsAsiaJohnGoVIGoul,164,Vivia innominata,Speckled Piculet,probable,Picumnus innominatus,Speckled Piculet,,,
VI,40,BirdsAsiaJohnGoVIGoul,168,Sasia ochracea,Rufous Piculet,exact,Sasia ochracea,White-browed Piculet,,,
VI,41,BirdsAsiaJohnGoVIGoul,172,Sasia abnormis,Malayan Piculet,exact,Sasia abnormis,Rufous Piculet,,,
VI,42,BirdsAsiaJohnGoVIGoul,176,Cuculus strenuus,Powerful Cuckoo,form,Hierococcyx sparverioides,Large Hawk-Cuckoo,,,
VI,43,BirdsAsiaJohnGoVIGoul,180,Cuculus hyperythrus,Rufous-bellied Cuckoo,probable,Hierococcyx hyperythrus,Northern Hawk-Cuckoo,,,
VI,44,BirdsAsiaJohnGoVIGoul,184,Dasylophus superciliosus,Hairy-browed Cuckoo,none,,,,,
VI,45,BirdsAsiaJohnGoVIGoul,188,Lepidogrammus Cumingi,Curl-crested Cuckoo,probable,Dasylophus cumingi,Scale-feathered Malkoha,,,
VI,46,BirdsAsiaJohnGoVIGoul,192,Chalcites Hodgsoni,Emerald Cuckoo,probable,Chrysococcyx maculatus,Asian Emerald Cuckoo,,,
VI,47,BirdsAsiaJohnGoVIGoul,196,Chalcites xanthorhynchus,Amethystine Cuckoo,probable,Chrysococcyx xanthorhynchus,Violet Cuckoo,,,
VI,48,BirdsAsiaJohnGoVIGoul,200,Indicator xanthonotus,Yellow-rumped Honey-guide,not_in_birdnet,,,,,
VI,49,BirdsAsiaJohnGoVIGoul,204,Megalaema nuchalis,Embroidered Barbet,probable,Psilopogon nuchalis,Taiwan Barbet,,,
VI,50,BirdsAsiaJohnGoVIGoul,208,Megalaema Franklinii,Franklin's Barbet,probable,Psilopogon franklinii,Golden-throated Barbet,,,
VI,51,BirdsAsiaJohnGoVIGoul,212,Phlogoenas cruenta,Red-breasted Pigeon,none,,,,,
VI,52,BirdsAsiaJohnGoVIGoul,216,Phlogoenas crinigera,Maroon-breasted Pigeon,not_in_birdnet,,,,,
VI,53,BirdsAsiaJohnGoVIGoul,220,Otidiphaps nobilis,Otidiphaps,exact,Otidiphaps nobilis,Pheasant Pigeon,,,
VI,54,BirdsAsiaJohnGoVIGoul,224,Columba rupestris,Mongolian Rock-Pigeon,not_in_birdnet,,,,,
VI,55,BirdsAsiaJohnGoVIGoul,228,Columba leuconota,White-bellied Pigeon,not_in_birdnet,,,,,
VI,56,BirdsAsiaJohnGoVIGoul,232,Columba intermedia,Indian Rock-Pigeon,form,Columba livia,Rock Pigeon,y,y,
VI,57,BirdsAsiaJohnGoVIGoul,236,Palumbus Elphinstonei,Elphinstone's Wood-Pigeon,not_in_birdnet,,,,,
VI,58,BirdsAsiaJohnGoVIGoul,240,Palumbus pulchricollis,Collared Wood-Pigeon,not_in_birdnet,,,,,
VI,59,BirdsAsiaJohnGoVIGoul,244,Phlogoenas tristigmata,Branded Pigeon,not_in_birdnet,,,,,
VI,60,BirdsAsiaJohnGoVIGoul,248,Syrrhaptes paradoxus,Pallas's Sand-Grouse,exact,Syrrhaptes paradoxus,Pallas's Sandgrouse,,,
VI,61,BirdsAsiaJohnGoVIGoul,252,Syrrhaptes Tibetanus,Tibetian Short-toed Sand-Grouse,not_in_birdnet,,,,,
VI,62,BirdsAsiaJohnGoVIGoul,256,Pterocles guttatus,Spotted Sand-Grouse,unsure,Pterocles senegallus,Spotted Sandgrouse,,,
VI,63,BirdsAsiaJohnGoVIGoul,260,Pterocles coronatus,Coronetted Sand-Grouse,not_in_birdnet,,,,,
VI,64,BirdsAsiaJohnGoVIGoul,264,Pterocles exustus,Whistling Sand-Grouse,exact,Pterocles exustus,Chestnut-bellied Sandgrouse,,,
VI,65,BirdsAsiaJohnGoVIGoul,268,Pterocles fasciatus,Banded Sand-Grouse,not_in_birdnet,,,,,
VI,66,BirdsAsiaJohnGoVIGoul,272,Tetrao Mlokosiewiczi,Georgian Black Grouse,not_in_birdnet,,,,,
VI,67,BirdsAsiaJohnGoVIGoul,276,Galloperdix Zeylonicus,Ceylon Spur-Fowl,probable,Galloperdix bicalcarata,Sri Lanka Spurfowl,,,
VI,68,BirdsAsiaJohnGoVIGoul,280,Galloperdix spadiceus,Rufous Spur-Fowl,probable,Galloperdix spadicea,Red Spurfowl,,,
VI,69,BirdsAsiaJohnGoVIGoul,284,Galloperdix lunulosa,Painted Spur-Fowl,not_in_birdnet,,,,,
VI,70,BirdsAsiaJohnGoVIGoul,288,Hematortyx sanguiniceps,Crimson-breasted Partridge,probable,Haematortyx sanguiniceps,Crimson-headed Partridge,,,
VI,71,BirdsAsiaJohnGoVIGoul,292,Bambusicola hyperythra,Rufous-breasted Bamboo-Partridge,probable,Arborophila hyperythra,Red-breasted Partridge,,,
VI,72,BirdsAsiaJohnGoVIGoul,296,Bambusicola sonorivox,Formosan Bamboo-Partridge,exact,Bambusicola sonorivox,Taiwan Bamboo-Partridge,,,
VI,73,BirdsAsiaJohnGoVIGoul,300,Perdix barbata,Bearded Partridge,none,,,,,
VI,74,BirdsAsiaJohnGoVIGoul,304,Perdix Hodgsoniae,Thibet Partridge,not_in_birdnet,,,,,
VI,75,BirdsAsiaJohnGoVIGoul,308,Lerwa nivicola,Lerwa Partridge,not_in_birdnet,,,,,
VII,1,BirdsAsiaJohnGoVIIGoul,12,Ammoperdix Bonhami,Bonham's Sand-Partridge,not_in_birdnet,,,,,
VII,2,BirdsAsiaJohnGoVIIGoul,16,Ammoperdix Heyi,Hey's Sand-Partridge,not_in_birdnet,,,,,
VII,3,BirdsAsiaJohnGoVIIGoul,20,Microperdix erythrorhyncha,Little Red-billed Partridge,probable,Perdicula erythrorhyncha,Painted Bush-Quail,,,
VII,4,BirdsAsiaJohnGoVIIGoul,24,Perdicula Asiatica,Asiatic Bush-Quail,exact,Perdicula asiatica,Jungle Bush-Quail,,,
VII,5,BirdsAsiaJohnGoVIIGoul,28,Perdicula Argoondah,Argoondah Bush-Quail,exact,Perdicula argoondah,Rock Bush-Quail,,,
VII,6,BirdsAsiaJohnGoVIIGoul,32,Excalfactoria Chinensis,Chinese Quail,probable,Synoicus chinensis,Blue-breasted Quail,,,
VII,7,BirdsAsiaJohnGoVIIGoul,36,Excalfactoria minima,Minute Quail,form,Synoicus chinensis,Blue-breasted Quail,,,
VII,8,BirdsAsiaJohnGoVIIGoul,40,Malacoturnix superciliosus,Slate-coloured Partridge,not_in_birdnet,,,,,
VII,9,BirdsAsiaJohnGoVIIGoul,44,Coturnix Coromandelicus,Coromandel Quail,probable,Coturnix coromandelica,Rain Quail,,,
VII,10,BirdsAsiaJohnGoVIIGoul,48,Turnix Dussumieri,Little Hemipode,form,Turnix sylvaticus,Small Buttonquail,,y,
VII,11,BirdsAsiaJohnGoVIIGoul,52,Turnix fasciatus,Fasciated Hemipode,form,Turnix suscitator,Barred Buttonquail,,,
VII,12,BirdsAsiaJohnGoVIIGoul,56,Lobiophasis castaneicaudatus,Chestnut-tailed Lobed Pheasant,none,,,,,
VII,13,BirdsAsiaJohnGoVIIGoul,60,Lobiophasis Bulweri,Bulwer's Pheasant,not_in_birdnet,,,,,
VII,14,BirdsAsiaJohnGoVIIGoul,64,Euplocamus lineatus,Lineated Pheasant,form,Lophura leucomelanos,Kalij Pheasant,,,
VII,15,BirdsAsiaJohnGoVIIGoul,68,Euplocamus Vieilloti,Vieillot's Fireback,none,,,,,
VII,16,BirdsAsiaJohnGoVIIGoul,72,Euplocamus Swinhoii,Swinhoe's Fireback,not_in_birdnet,,,,,
VII,17,BirdsAsiaJohnGoVIIGoul,76,Gennaeus nycthemerus,Pencilled Pheasant,not_in_birdnet,,,,,
VII,18,BirdsAsiaJohnGoVIIGoul,80,Catreus Wallichii,Cheer,exact,Catreus wallichii,Cheer Pheasant,,,
VII,19,BirdsAsiaJohnGoVIIGoul,84,Thaumalea picta,Golden Pheasant,probable,Chrysolophus pictus,Golden Pheasant,,,
VII,20,BirdsAsiaJohnGoVIIGoul,88,Thaumalea Amherstiae,Lady Amherst's Pheasant,probable,Chrysolophus amherstiae,Lady Amherst's Pheasant,,,
VII,21,BirdsAsiaJohnGoVIIGoul,92,Diardigallus praelatus,Siamese Fireback,not_in_birdnet,,,,,
VII,22,BirdsAsiaJohnGoVIIGoul,96,Crossoptilon auritum,Chinese Crossoptilon,not_in_birdnet,,,,,
VII,23,BirdsAsiaJohnGoVIIGoul,100,Calophasis Ellioti,Elliot's Pheasant,not_in_birdnet,,,,,
VII,24,BirdsAsiaJohnGoVIIGoul,104,Pucrasia xanthospila,Chinese Pucras Pheasant,form,Pucrasia macrolopha,Koklass Pheasant,,,
VII,25,BirdsAsiaJohnGoVIIGoul,108,Pucrasia Darwini,Darwin's Pucras Pheasant,form,Pucrasia macrolopha,Koklass Pheasant,,,
VII,26,BirdsAsiaJohnGoVIIGoul,112,Pucrasia macrolopha,Himalayan Pucras Pheasant,exact,Pucrasia macrolopha,Koklass Pheasant,,,
VII,27,BirdsAsiaJohnGoVIIGoul,116,Pucrasia castanea,Kafiristan Pucras Pheasant,form,Pucrasia macrolopha,Koklass Pheasant,,,
VII,28,BirdsAsiaJohnGoVIIGoul,120,Pucrasia Nipalensis,Nepaul Pucras Pheasant,form,Pucrasia macrolopha,Koklass Pheasant,,,
VII,29,BirdsAsiaJohnGoVIIGoul,124,Tetraogallus Caspius,Caspian Snow-Partridge,not_in_birdnet,,,,,
VII,30,BirdsAsiaJohnGoVIIGoul,128,Tetraogallus Himalayensis,Himalayan Snow-Partridge,not_in_birdnet,,,,,
VII,31,BirdsAsiaJohnGoVIIGoul,132,Tetraogallus Altaicus,Altaic Snow-Partridge,not_in_birdnet,,,,,
VII,32,BirdsAsiaJohnGoVIIGoul,136,Tetraogallus Tibetanus,Tibetan Snow-Partridge,exact,Tetraogallus tibetanus,Tibetan Snowcock,,,
VII,33,BirdsAsiaJohnGoVIIGoul,140,Phasianus Reevesii,Reeves's Pheasant,not_in_birdnet,,,,,
VII,34,BirdsAsiaJohnGoVIIGoul,144,Phasianus colchicus,Common Pheasant,exact,Phasianus colchicus,Ring-necked Pheasant,y,y,
VII,35,BirdsAsiaJohnGoVIIGoul,148,Phasianus Shawii,Shaw's Pheasant,form,Phasianus colchicus,Ring-necked Pheasant,y,y,
VII,36,BirdsAsiaJohnGoVIIGoul,152,Phasianus chrysomelas,Oxus Pheasant,form,Phasianus colchicus,Ring-necked Pheasant,y,y,
VII,37,BirdsAsiaJohnGoVIIGoul,156,Phasianus Soemmeringii,Sommering's Pheasant,not_in_birdnet,,,,,
VII,38,BirdsAsiaJohnGoVIIGoul,160,Phasianus scintillans,Sparkling Pheasant,none,,,,,
VII,39,BirdsAsiaJohnGoVIIGoul,164,Phasianus torquatus,Chinese Ring-necked Pheasant,form,Phasianus colchicus,Ring-necked Pheasant,y,y,
VII,40,BirdsAsiaJohnGoVIIGoul,168,Phasianus versicolor,Japanese Pheasant,not_in_birdnet,,,,,
VII,41,BirdsAsiaJohnGoVIIGoul,172,Phasianus Mongolicus,Mongolian Pheasant,form,Phasianus colchicus,Ring-necked Pheasant,y,y,
VII,42,BirdsAsiaJohnGoVIIGoul,176,Ithaginis Geoffroyi,Geoffroy's Francolin,form,Ithaginis cruentus,Blood Pheasant,,,
VII,43,BirdsAsiaJohnGoVIIGoul,180,Ithaginis cruentus,Sanguine Francolin,exact,Ithaginis cruentus,Blood Pheasant,,,
VII,44,BirdsAsiaJohnGoVIIGoul,184,Tetraophasis obscurus,Mou-pin Snow-Partridge,not_in_birdnet,,,,,
VII,45,BirdsAsiaJohnGoVIIGoul,188,Ceriornis melanocephala,Western Horned Pheasant,not_in_birdnet,,,,,
VII,46,BirdsAsiaJohnGoVIIGoul,192,Ceriornis Temmincki,Temminck's Horned Pheasant,not_in_birdnet,,,,,
VII,47,BirdsAsiaJohnGoVIIGoul,196,Ceriornis Blythi,Blyth's Horned Pheasant,not_in_birdnet,,,,,
VII,48,BirdsAsiaJohnGoVIIGoul,200,Ceriornis Caboti,Dr. Cabot's Horned Pheasant,not_in_birdnet,,,,,
VII,49,BirdsAsiaJohnGoVIIGoul,204,Ceriornis Satyra,Nipaulese Horned Pheasant,not_in_birdnet,,,,,
VII,50,BirdsAsiaJohnGoVIIGoul,208,Polyplectron chinquis,Assam Peacock Pheasant,form,Polyplectron bicalcaratum,Gray Peacock-Pheasant,,,
VII,51,BirdsAsiaJohnGoVIIGoul,212,Polyplectron bicalcaratum,Malayan Peacock Pheasant,exact,Polyplectron bicalcaratum,Gray Peacock-Pheasant,,,
VII,52,BirdsAsiaJohnGoVIIGoul,216,Argusianus argus,Argus Pheasant,exact,Argusianus argus,Great Argus,,,
VII,53,BirdsAsiaJohnGoVIIGoul,220,Lophophorus Impeyanus,Monaul,probable,Lophophorus impejanus,Himalayan Monal,,,
VII,54,BirdsAsiaJohnGoVIIGoul,224,Lophophorus l'Huysi,De L'Huys's Monaul,not_in_birdnet,,,,,
VII,55,BirdsAsiaJohnGoVIIGoul,228,Chalcophasis Sclateri,Sclater's Monaul,not_in_birdnet,,,,,
VII,56,BirdsAsiaJohnGoVIIGoul,232,Gallus Sonnerati,Sonnerat's Jungle-fowl,probable,Gallus sonneratii,Gray Junglefowl,,,
VII,57,BirdsAsiaJohnGoVIIGoul,236,Sypheotides auritus,Lesser Florikin,not_in_birdnet,,,,,
VII,58,BirdsAsiaJohnGoVIIGoul,240,Otis MacQueeni,MacQueen's Bustard,not_in_birdnet,,,,,
VII,59,BirdsAsiaJohnGoVIIGoul,244,Tantalus leucocephalus,Rosy Tantalus,probable,Mycteria leucocephala,Painted Stork,,,
VII,60,BirdsAsiaJohnGoVIIGoul,248,Numenius rufescens,Rufescent Curlew,unsure,Numenius arquata,Eurasian Curlew,,y,
VII,61,BirdsAsiaJohnGoVIIGoul,252,Ibidorhynchus Struthersi,Red-billed Erolia (Ibisbill),probable,Ibidorhyncha struthersii,Ibisbill,,,
VII,62,BirdsAsiaJohnGoVIIGoul,256,Pluvianus Aegyptius,Zic-zac,not_in_birdnet,,,,,
VII,63,BirdsAsiaJohnGoVIIGoul,260,Glareola melanoptera,Black-winged Pratincole,unsure,Glareola maldivarum,Oriental Pratincole,,,
VII,64,BirdsAsiaJohnGoVIIGoul,264,Glareola lactea,Cinereous Pratincole,exact,Glareola lactea,Small Pratincole,,,
VII,65,BirdsAsiaJohnGoVIIGoul,268,Cursorius Coromandelicus,Indian Courser,not_in_birdnet,,,,,
VII,66,BirdsAsiaJohnGoVIIGoul,272,Eurinorhynchus pygmaeus,Spoon-billed Sandpiper,probable,Calidris pygmaea,Spoon-billed Sandpiper,,,
VII,67,BirdsAsiaJohnGoVIIGoul,276,Gallinula phoenicura,White-breasted Water-hen,probable,Amaurornis phoenicurus,White-breasted Waterhen,,,
VII,68,BirdsAsiaJohnGoVIIGoul,280,Hydrophasianus Sinensis,Chinese Jacana,probable,Hydrophasianus chirurgus,Pheasant-tailed Jacana,,,
VII,69,BirdsAsiaJohnGoVIIGoul,284,Aix galericulata,Mandarin Duck,exact,Aix galericulata,Mandarin Duck,,,
VII,70,BirdsAsiaJohnGoVIIGoul,288,Sterna melanogaster,Black-bellied Tern,not_in_birdnet,,,,,
VII,71,BirdsAsiaJohnGoVIIGoul,292,Uria Carbo,Kurile Guillemot,not_in_birdnet,,,,,
