volume,plate,ia_id,leaf,latin,authority,english,modern,birdnet_sci,birdnet_common,tier,confidence,in_birdnet,in_havell,in_gould_europe,note
I,1,birdsAustraliav1Goul,140,Aquila fucosa,Cuv,Wedge-tailed Eagle,Aquila audax,,,manual,high,no,,,
I,2,birdsAustraliav1Goul,144,Aquila Morphnoides,Gould,Little Australian Eagle,Hieraaetus morphnoides,,,manual,high,no,,,
I,3,birdsAustraliav1Goul,148,Ichthyiaetus leucogaster,,White-bellied Sea Eagle,Haliaeetus leucogaster,Haliaeetus leucogaster,White-bellied Sea-Eagle,manual,high,yes,,,
I,4,birdsAustraliav1Goul,152,Haliaster leucosternus,Gould,White-breasted Sea Eagle,Haliastur indus,Haliastur indus,Brahminy Kite,manual,high,yes,,,
I,5,birdsAustraliav1Goul,156,Haliaster sphenurus,,Whistling Eagle,Haliastur sphenurus,Haliastur sphenurus,Whistling Kite,manual,high,yes,,,
I,6,birdsAustraliav1Goul,160,Pandion leucocephalus,Gould,White-headed Osprey,Pandion haliaetus,Pandion haliaetus,Osprey,manual,high,yes,yes,yes,
I,7,birdsAustraliav1Goul,164,Falco hypoleucus,Gould,Grey Falcon,Falco hypoleucos,,,manual,high,no,,,
I,8,birdsAustraliav1Goul,168,Falco melanogenys,Gould,Black-cheeked Falcon,Falco peregrinus,Falco peregrinus,Peregrine Falcon,manual,high,yes,yes,yes,
I,9,birdsAustraliav1Goul,172,Falco subniger,Gray,Black Falcon,Falco subniger,,,manual,high,no,,,
I,10,birdsAustraliav1Goul,176,Falco frontatus,Gould,White-fronted Falcon,Falco longipennis,,,manual,high,no,,,
I,11,birdsAustraliav1Goul,180,Ieracidea Berigora,,Brown Hawk,Falco berigora,Falco berigora,Brown Falcon,epithet+noun,medium,yes,,,
I,12,birdsAustraliav1Goul,184,Ieracidea occidentalis,Gould,Western Brown Hawk,Falco berigora,Falco berigora,Brown Falcon,manual,high,yes,,,
I,13,birdsAustraliav1Goul,188,Tinnunculus Cenchroides,,Nankeen Kestril,Falco cenchroides,,,manual,high,no,,,
I,14,birdsAustraliav1Goul,192,Astur Novae-Hollandiae,,New Holland Goshawk,Accipiter novaehollandiae,Accipiter novaehollandiae,Gray Goshawk,manual,high,yes,,,
I,15,birdsAustraliav1Goul,196,Astur (albino),,White Goshawk,Accipiter novaehollandiae,Accipiter novaehollandiae,Gray Goshawk,manual,high,yes,,,
I,16,birdsAustraliav1Goul,200,Astur radiatus,,Radiated Goshawk,Erythrotriorchis radiatus,,,manual,high,no,,,
I,17,birdsAustraliav1Goul,204,Astur approximans,Vig. & Horsf,Australian Goshawk,Accipiter fasciatus,Accipiter fasciatus,Brown Goshawk,manual,high,yes,,,
I,18,birdsAustraliav1Goul,208,Astur cruentus,Gould,West Australian Goshawk,Accipiter fasciatus,Accipiter fasciatus,Brown Goshawk,manual,medium,yes,,,
I,19,birdsAustraliav1Goul,212,Accipiter torquatus,,Collared Sparrow Hawk,Accipiter cirrocephalus,Accipiter cirrocephalus,Collared Sparrowhawk,manual,high,yes,,,
I,20,birdsAustraliav1Goul,216,Buteo melanosternon,Gould,Black-breasted Buzzard,Hamirostra melanosternon,,,manual,high,no,,,
I,21,birdsAustraliav1Goul,220,Milvus affinis,Gould,Allied Kite,Milvus migrans,Milvus migrans,Black Kite,manual,high,yes,,yes,
I,22,birdsAustraliav1Goul,224,Milvus isurus,Gould,Square-tailed Kite,Lophoictinia isura,,,manual,high,no,,,
I,23,birdsAustraliav1Goul,228,Elanus axillaris,,Black-shouldered Kite,Elanus axillaris,,,manual,high,no,,,
I,24,birdsAustraliav1Goul,232,Elanus scriptus,Gould,Letter-winged Kite,Elanus scriptus,,,manual,high,no,,,
I,25,birdsAustraliav1Goul,236,Lepidogenys subcristatus,Gould,Crested Hawk,Aviceda subcristata,Aviceda subcristata,Pacific Baza,epithet+noun,medium,yes,,,
I,26,birdsAustraliav1Goul,240,Circus assimilis,Jard. & Selb,Allied Harrier,Circus assimilis,,,manual,high,no,,,
I,27,birdsAustraliav1Goul,244,Circus Jardinii,Gould,Jardine’s Harrier,Circus assimilis,,,manual,medium,no,,,
I,28,birdsAustraliav1Goul,248,Strix castanops,Gould,Chestnut-faced Owl,Tyto novaehollandiae,Tyto novaehollandiae,Australian Masked-Owl,manual,high,yes,,,
I,29,birdsAustraliav1Goul,252,Strix personata,Vig,Masked Barn Owl,Tyto novaehollandiae,Tyto novaehollandiae,Australian Masked-Owl,manual,high,yes,,,
I,30,birdsAustraliav1Goul,256,Strix tenebricosus,Gould,Sooty Owl,Tyto tenebricosa,Tyto tenebricosa,Sooty Owl,common-name,high,yes,,,
I,31,birdsAustraliav1Goul,260,Strix delicatulus,Gould,Delicate Owl,Tyto alba,Tyto alba,Barn Owl,manual,high,yes,yes,yes,
I,32,birdsAustraliav1Goul,264,Athene Boobook,,Boobook Owl,Ninox boobook,Ninox boobook,Southern Boobook,epithet+noun,medium,yes,,,
I,33,birdsAustraliav1Goul,268,Athene maculata,,Spotted Owl,Ninox boobook,Ninox boobook,Southern Boobook,manual,medium,yes,,,
I,34,birdsAustraliav1Goul,272,Athene connivens,,Winking Owl,Ninox connivens,Ninox connivens,Barking Owl,epithet+noun,medium,yes,,,
I,35,birdsAustraliav1Goul,276,Athene strenua,Gould,Powerful Owl,Ninox strenua,Ninox strenua,Powerful Owl,common-name,high,yes,,,
I,36,birdsAustraliav1Goul,280,Athene rufa,Gould,Rufous Owl,Ninox rufa,,,manual,high,no,,,
II,1,birdsAustraliav2Goul,12,Aegotheles Novae-Hollandiae,,Owlet Nightjar,Aegotheles cristatus,Aegotheles cristatus,Australian Owlet-nightjar,manual,high,yes,,,
II,2,birdsAustraliav2Goul,16,Aegotheles leucogaster,Gould,White-bellied Owlet Nightjar,Aegotheles cristatus,Aegotheles cristatus,Australian Owlet-nightjar,manual,medium,yes,,,
II,3,birdsAustraliav2Goul,20,Podargus humeralis,Vig. & Horsf,Tawny-shouldered Podargus,Podargus strigoides,Podargus strigoides,Tawny Frogmouth,manual,high,yes,,,
II,4,birdsAustraliav2Goul,24,Podargus Cuvieri,Vig. & Horsf,Cuvier’s Podargus,Podargus strigoides,Podargus strigoides,Tawny Frogmouth,manual,high,yes,,,
II,5,birdsAustraliav2Goul,28,Podargus Phalaenoides,Gould,Moth-plumaged Podargus,Podargus strigoides,Podargus strigoides,Tawny Frogmouth,manual,high,yes,,,
II,6,birdsAustraliav2Goul,32,Podargus plumiferus,Gould,Plumed Podargus,Podargus ocellatus,Podargus ocellatus,Marbled Frogmouth,manual,high,yes,,,
II,7,birdsAustraliav2Goul,36,Eurostopodus albogularis,,White-throated Goat-sucker,Eurostopodus mystacalis,Eurostopodus mystacalis,White-throated Nightjar,manual,high,yes,,,
II,8,birdsAustraliav2Goul,40,Eurostopodus guttatus,,Spotted Goat-sucker,Eurostopodus argus,Eurostopodus argus,Spotted Nightjar,manual,high,yes,,,
II,9,birdsAustraliav2Goul,44,Caprimulgus macrurus,Horsf,Large-tailed Goat-sucker,Caprimulgus macrurus,Caprimulgus macrurus,Large-tailed Nightjar,exact,high,yes,,,
II,10,birdsAustraliav2Goul,48,Acanthylis caudacuta,,Australian Spine-tailed Swallow,Hirundapus caudacutus,Hirundapus caudacutus,White-throated Needletail,manual,high,yes,,,
II,11,birdsAustraliav2Goul,52,Cypselus Australis,Gould,Australian Swift,Apus pacificus,Apus pacificus,Pacific Swift,manual,high,yes,,,
II,12,birdsAustraliav2Goul,56,Atticora leucosternon,Gould,White-breasted Swallow,Cheramoeca leucosterna,,,manual,high,no,,,
II,13,birdsAustraliav2Goul,60,Hirundo neoxena,Gould,Welcome Swallow,Hirundo neoxena,Hirundo neoxena,Welcome Swallow,exact,high,yes,,,
II,14,birdsAustraliav2Goul,64,Collocalia arborea,,Tree Martin,Petrochelidon nigricans,Petrochelidon nigricans,Tree Martin,common-name,high,yes,,,
II,15,birdsAustraliav2Goul,68,Collocalia Ariel,Gould,Fairy Martin,Petrochelidon ariel,Petrochelidon ariel,Fairy Martin,common-name,high,yes,,,
II,16,birdsAustraliav2Goul,72,Merops ornatus,Lath,Australian Bee-eater,Merops ornatus,Merops ornatus,Rainbow Bee-eater,exact,high,yes,,,
II,17,birdsAustraliav2Goul,76,Eurystomus Australis,Swains,Australian Roller,Eurystomus orientalis,Eurystomus orientalis,Dollarbird,manual,high,yes,,,
II,18,birdsAustraliav2Goul,80,Dacelo gigantea,,Great Brown Kingfisher,Dacelo novaeguineae,Dacelo novaeguineae,Laughing Kookaburra,manual,high,yes,,,
II,19,birdsAustraliav2Goul,84,Dacelo Leachii,Vig. & Horsf,Leach’s Kingfisher,Dacelo leachii,Dacelo leachii,Blue-winged Kookaburra,exact,high,yes,,,
II,20,birdsAustraliav2Goul,88,Dacelo cervina,Gould,Fawn-breasted Kingfisher,Dacelo leachii,Dacelo leachii,Blue-winged Kookaburra,manual,medium,yes,,,
II,21,birdsAustraliav2Goul,92,Halcyon sanctus,Vig. & Horsf,Sacred Halcyon,Todiramphus sanctus,Todiramphus sanctus,Sacred Kingfisher,epithet+noun,medium,yes,,,
II,22,birdsAustraliav2Goul,96,Halcyon pyrrhopygia,Gould,Red-backed Halcyon,Todiramphus pyrrhopygius,,,manual,high,no,,,
II,23,birdsAustraliav2Goul,100,Halcyon sordidus,Gould,Sordid Halcyon,Todiramphus sordidus,Todiramphus sordidus,Torresian Kingfisher,manual,high,yes,,,
II,24,birdsAustraliav2Goul,104,Halcyon MacLeayii,Jard. & Selb,MacLeay’s Halcyon,Todiramphus macleayii,Todiramphus macleayii,Forest Kingfisher,epithet+noun,medium,yes,,,
II,25,birdsAustraliav2Goul,108,Alcyone azurea,,Azure Kingfisher,Ceyx azureus,Ceyx azureus,Azure Kingfisher,common-name,high,yes,,,
II,26,birdsAustraliav2Goul,112,Alcyone pusilla,,Little Kingfisher,Ceyx pusillus,,,manual,high,no,,,
II,27,birdsAustraliav2Goul,116,Artamus sordidus,,Wood Swallow,Artamus cyanopterus,Artamus cyanopterus,Dusky Woodswallow,manual,high,yes,,,
II,28,birdsAustraliav2Goul,120,Artamus minor,Vieill,Little Wood Swallow,Artamus minor,,,manual,high,no,,,
II,29,birdsAustraliav2Goul,124,Artamus cinereus,Vieill,Grey-breasted Wood Swallow,Artamus cinereus,Artamus cinereus,Black-faced Woodswallow,exact,high,yes,,,
II,30,birdsAustraliav2Goul,128,Artamus albiventris,Gould,White-vented Wood Swallow,Artamus cinereus,Artamus cinereus,Black-faced Woodswallow,manual,medium,yes,,,
II,31,birdsAustraliav2Goul,132,Artamus personatus,Gould,Masked Wood Swallow,Artamus personatus,Artamus personatus,Masked Woodswallow,exact,high,yes,,,
II,32,birdsAustraliav2Goul,136,Artamus superciliosus,Gould,White-eyebrowed Wood Swallow,Artamus superciliosus,Artamus superciliosus,White-browed Woodswallow,exact,high,yes,,,
II,33,birdsAustraliav2Goul,140,Artamus leucopygialis,Gould,White-rumped Wood Swallow,Artamus leucorynchus,Artamus leucorynchus,White-breasted Woodswallow,manual,high,yes,,,
II,34,birdsAustraliav2Goul,144,Dicaeum hirundinaceum,,Swallow Dicæum,Dicaeum hirundinaceum,Dicaeum hirundinaceum,Mistletoebird,exact,high,yes,,,
II,35,birdsAustraliav2Goul,148,Pardalotus punctatus,,Spotted Pardalote,Pardalotus punctatus,Pardalotus punctatus,Spotted Pardalote,exact,high,yes,,,
II,36,birdsAustraliav2Goul,152,Pardalotus rubricatus,Gould,Red-lored Pardalote,Pardalotus rubricatus,Pardalotus rubricatus,Red-browed Pardalote,exact,high,yes,,,
II,37,birdsAustraliav2Goul,156,Pardalotus quadragintus,Gould,Forty-spotted Pardalote,Pardalotus quadragintus,,,manual,high,no,,,
II,38,birdsAustraliav2Goul,160,Pardalotus striatus,,Striated Pardalote,Pardalotus striatus,Pardalotus striatus,Striated Pardalote,exact,high,yes,,,
II,39,birdsAustraliav2Goul,164,Pardalotus affinis,Gould,Allied Pardalote,Pardalotus striatus,Pardalotus striatus,Striated Pardalote,manual,high,yes,,,
II,40,birdsAustraliav2Goul,168,Pardalotus melanocephalus,Gould,Black-headed Pardalote,Pardalotus striatus,Pardalotus striatus,Striated Pardalote,manual,high,yes,,,
II,41,birdsAustraliav2Goul,172,Pardalotus uropygialis,Gould,Yellow-rumped Pardalote,Pardalotus striatus,Pardalotus striatus,Striated Pardalote,manual,high,yes,,,
II,42,birdsAustraliav2Goul,176,Strepera graculina,,Great Crow-Shrike,Strepera graculina,Strepera graculina,Pied Currawong,exact,high,yes,,,
II,43,birdsAustraliav2Goul,180,Strepera fuliginosa,Gould,Sooty Crow-Shrike,Strepera fuliginosa,Strepera fuliginosa,Black Currawong,exact,high,yes,,,
II,44,birdsAustraliav2Goul,184,Strepera arguta,Gould,Hill Crow-Shrike,Strepera versicolor,Strepera versicolor,Gray Currawong,manual,high,yes,,,
II,45,birdsAustraliav2Goul,188,Strepera Anaphonensis,,Grey Crow-Shrike,Strepera versicolor,Strepera versicolor,Gray Currawong,manual,high,yes,,,
II,46,birdsAustraliav2Goul,192,Gymnorhina Tibicen,,Piping Crow-Shrike,Gymnorhina tibicen,Gymnorhina tibicen,Australian Magpie,exact,high,yes,,,
II,47,birdsAustraliav2Goul,196,Gymnorhina leuconota,Gould,White-backed Crow-Shrike,Gymnorhina tibicen,Gymnorhina tibicen,Australian Magpie,manual,high,yes,,,
II,48,birdsAustraliav2Goul,200,Gymnorhina organicum,Gould,Tasmanian Crow-Shrike,Gymnorhina tibicen,Gymnorhina tibicen,Australian Magpie,manual,high,yes,,,
II,49,birdsAustraliav2Goul,204,Cracticus nigrogularis,Gould,Black-throated Crow-Shrike,Cracticus nigrogularis,Cracticus nigrogularis,Pied Butcherbird,exact,high,yes,,,
II,50,birdsAustraliav2Goul,208,Cracticus picatus,Gould,Pied Crow-Shrike,Cracticus nigrogularis,Cracticus nigrogularis,Pied Butcherbird,manual,high,yes,,,
II,51,birdsAustraliav2Goul,212,Cracticus argenteus,Gould,Silvery-backed Butcher-Bird,Cracticus torquatus,Cracticus torquatus,Gray Butcherbird,manual,high,yes,,,
II,52,birdsAustraliav2Goul,216,Cracticus destructor,,Butcher-Bird,Cracticus torquatus,Cracticus torquatus,Gray Butcherbird,manual,high,yes,,,
II,53,birdsAustraliav2Goul,220,Cracticus Quoyii,,Quoy’s Crow-Shrike,Cracticus quoyi,Cracticus quoyi,Black Butcherbird,manual,high,yes,,,
II,54,birdsAustraliav2Goul,224,Grallina Australis,,Pied Grallina,Grallina cyanoleuca,Grallina cyanoleuca,Magpie-lark,manual,high,yes,,,
II,55,birdsAustraliav2Goul,228,Graucalus melanops,,Black-faced Graucalus,Coracina novaehollandiae,Coracina novaehollandiae,Black-faced Cuckooshrike,manual,high,yes,,,
II,56,birdsAustraliav2Goul,232,Graucalus mentalis,Vig. & Horsf,Varied Graucalus,,,,unresolved,,no,,,
II,57,birdsAustraliav2Goul,236,Graucalus hypoleucus,Gould,White-bellied Graucalus,Coracina papuensis,Coracina papuensis,White-bellied Cuckooshrike,manual,high,yes,,,
II,58,birdsAustraliav2Goul,240,Graucalus Swainsonii,Gould,Swainson’s Graucalus,,,,unresolved,,no,,,
II,59,birdsAustraliav2Goul,244,Pteropodocys Phasianella,Gould,Ground Graucalus,Coracina maxima,,,manual,high,no,,,
II,60,birdsAustraliav2Goul,248,Campephaga Jardinii,Gould,Jardine’s Campephaga,Edolisoma tenuirostre,Edolisoma tenuirostre,Common Cicadabird,manual,high,yes,,,
II,61,birdsAustraliav2Goul,252,Campephaga Karu,,Northern Campephaga,,,,unresolved,,no,,,
II,62,birdsAustraliav2Goul,256,Campephaga leucomela,Vig. & Horsf,Black and White Campephaga,Lalage leucomela,Lalage leucomela,Varied Triller,epithet+noun,medium,yes,,,
II,63,birdsAustraliav2Goul,260,Campephaga humeralis,Gould,White-shouldered Campephaga,Lalage tricolor,Lalage tricolor,White-winged Triller,manual,high,yes,,,
II,64,birdsAustraliav2Goul,264,Pachycephala gutturalis,,Guttural Pachycephala,Pachycephala pectoralis,Pachycephala pectoralis,Golden Whistler,manual,medium,yes,,,
II,65,birdsAustraliav2Goul,268,Pachycephala glaucura,Gould,Grey-tailed Pachycephala,Pachycephala pectoralis,Pachycephala pectoralis,Golden Whistler,manual,medium,yes,,,
II,66,birdsAustraliav2Goul,272,Pachycephala melanura,Gould,Black-tailed Pachycephala,Pachycephala melanura,,,manual,high,no,,,
II,67,birdsAustraliav2Goul,276,Pachycephala pectoralis,,Banded Thick-head,Pachycephala pectoralis,Pachycephala pectoralis,Golden Whistler,exact,high,yes,,,
II,68,birdsAustraliav2Goul,280,Pachycephala falcata,Gould,Lunated Pachycephala,,,,unresolved,,no,,,
II,69,birdsAustraliav2Goul,284,Pachycephala Lanoides,Gould,Shrike-like Pachycephala,Pachycephala lanioides,Pachycephala lanioides,White-breasted Whistler,manual,high,yes,,,
II,70,birdsAustraliav2Goul,288,Pachycephala rufogularis,Gould,Red-throated Pachycephala,Pachycephala rufogularis,,,manual,high,no,,,
II,71,birdsAustraliav2Goul,292,Pachycephala Gilbertii,Gould,Gilbert’s Pachycephala,Pachycephala inornata,Pachycephala inornata,Gilbert's Whistler,manual,high,yes,,,
II,72,birdsAustraliav2Goul,296,Pachycephala simplex,Gould,Plain-coloured Pachycephala,Pachycephala simplex,Pachycephala simplex,Gray Whistler,exact,high,yes,,,
II,73,birdsAustraliav2Goul,300,Pachycephala olivacea,Vig. & Horsf,Olivaceous Pachycephala,Pachycephala olivacea,Pachycephala olivacea,Olive Whistler,exact,high,yes,,,
II,74,birdsAustraliav2Goul,304,Colluricincla harmonica,,Harmonious Colluricincla,Colluricincla harmonica,Colluricincla harmonica,Gray Shrikethrush,exact,high,yes,,,
II,75,birdsAustraliav2Goul,308,Colluricincla rufiventris,Gould,Buff-bellied Colluricincla,Colluricincla harmonica,Colluricincla harmonica,Gray Shrikethrush,manual,high,yes,,,
II,76,birdsAustraliav2Goul,312,Colluricincla brunnea,Gould,Brown Colluricincla,,,,unresolved,,no,,,
II,77,birdsAustraliav2Goul,316,Colluricincla Selbii,Jard,Selby’s Colluricincla,,,,unresolved,,no,,,
II,78,birdsAustraliav2Goul,320,Colluricincla parvula,Gould,Little Colluricincla,Colluricincla megarhyncha,Colluricincla megarhyncha,Arafura Shrikethrush,manual,medium,yes,,,
II,79,birdsAustraliav2Goul,324,Falcunculus frontatus,,Frontal Shrike-Tit,Falcunculus frontatus,Falcunculus frontatus,Crested Shrike-tit,exact,high,yes,,,
II,80,birdsAustraliav2Goul,328,Falcunculus leucogaster,Gould,White-bellied Shrike-Tit,Falcunculus frontatus,Falcunculus frontatus,Crested Shrike-tit,manual,high,yes,,,
II,81,birdsAustraliav2Goul,332,Oreoica gutturalis,,Crested Oreoïca,Oreoica gutturalis,Oreoica gutturalis,Crested Bellbird,exact,high,yes,,,
II,82,birdsAustraliav2Goul,336,Dicrurus bracteatus,Gould,Spangled Drongo,Dicrurus bracteatus,Dicrurus bracteatus,Spangled Drongo,exact,high,yes,,,
II,83,birdsAustraliav2Goul,340,Rhipidura albiscapa,Gould,White-shafted Fantail,Rhipidura albiscapa,Rhipidura albiscapa,Gray Fantail,exact,high,yes,,,
II,84,birdsAustraliav2Goul,344,Rhipidura rufifrons,,Rufous-fronted Fantail,Rhipidura rufifrons,Rhipidura rufifrons,Rufous Fantail,exact,high,yes,,,
II,85,birdsAustraliav2Goul,348,Rhipidura isura,Gould,Northern Fantail,Rhipidura rufiventris,Rhipidura rufiventris,Northern Fantail,common-name,high,yes,,,
II,86,birdsAustraliav2Goul,352,Rhipidura Motacilloides,Vig. & Horsf,Black Fantailed Flycatcher,Rhipidura leucophrys,Rhipidura leucophrys,Willie-wagtail,manual,high,yes,,,
II,87,birdsAustraliav2Goul,356,Seisura inquieta,,Restless Flycatcher,Myiagra inquieta,Myiagra inquieta,Restless Flycatcher,common-name,high,yes,,,
II,88,birdsAustraliav2Goul,360,Piezorhynchus nitidus,Gould,Blue Shining Flycatcher,Myiagra alecto,Myiagra alecto,Shining Flycatcher,manual,high,yes,,,
II,89,birdsAustraliav2Goul,364,Myiagra plumbea,Vig. & Horsf,Plumbeous Flycatcher,Myiagra rubecula,Myiagra rubecula,Leaden Flycatcher,manual,high,yes,,,
II,90,birdsAustraliav2Goul,368,Myiagra concinna,Gould,Pretty Flycatcher,Myiagra rubecula,Myiagra rubecula,Leaden Flycatcher,manual,medium,yes,,,
II,91,birdsAustraliav2Goul,372,Myiagra nitida,Gould,Shining Flycatcher,Myiagra alecto,Myiagra alecto,Shining Flycatcher,common-name,high,yes,,,
II,92,birdsAustraliav2Goul,376,Myiagra latirostris,Gould,Broad-billed Flycatcher,Myiagra ruficollis,Myiagra ruficollis,Broad-billed Flycatcher,common-name,high,yes,,,
II,93,birdsAustraliav2Goul,380,Microeca macroptera,,Great-winged Micrœca,Microeca fascinans,Microeca fascinans,Jacky-winter,manual,high,yes,,,
II,94,birdsAustraliav2Goul,384,Microeca flavigaster,Gould,Yellow-bellied Micrœca,Microeca flavigaster,Microeca flavigaster,Lemon-bellied Flycatcher,exact,high,yes,,,
II,95,birdsAustraliav2Goul,388,Monarcha carinata,,Carinated Flycatcher,Monarcha melanopsis,Monarcha melanopsis,Black-faced Monarch,manual,high,yes,,,
II,96,birdsAustraliav2Goul,392,Monarcha trivirgata,,Black-fronted Flycatcher,Symposiachrus trivirgatus,Symposiachrus trivirgatus,Spectacled Monarch,manual,high,yes,,,
II,97,birdsAustraliav2Goul,396,Gerygone albogularis,Gould,White-throated Gerygone,Gerygone olivacea,Gerygone olivacea,White-throated Gerygone,common-name,high,yes,,,
II,98,birdsAustraliav2Goul,400,Gerygone fuscus,Gould,Fuscous Gerygone,,,,unresolved,,no,,,
II,99,birdsAustraliav2Goul,404,Gerygone culicivorus,Gould,Western Gerygone,Gerygone fusca,Gerygone fusca,Western Gerygone,common-name,high,yes,,,
II,100,birdsAustraliav2Goul,408,Gerygone magnirostris,Gould,Great-billed Gerygone,Gerygone magnirostris,Gerygone magnirostris,Large-billed Gerygone,exact,high,yes,,,
II,101,birdsAustraliav2Goul,412,Gerygone laevigaster,Gould,Buff-breasted Gerygone,Gerygone levigaster,Gerygone levigaster,Mangrove Gerygone,manual,high,yes,,,
II,102,birdsAustraliav2Goul,416,Gerygone chloronotus,Gould,Green-backed Gerygone,Gerygone chloronota,Gerygone chloronota,Green-backed Gerygone,common-name,high,yes,,,
II,103,birdsAustraliav2Goul,420,Smicrornis brevirostris,Gould,Short-billed Smicrornis,Smicrornis brevirostris,Smicrornis brevirostris,Weebill,exact,high,yes,,,
II,104,birdsAustraliav2Goul,424,Smicrornis flavescens,Gould,Yellow-tinted Smicrornis,Smicrornis brevirostris,Smicrornis brevirostris,Weebill,manual,high,yes,,,
III,1,birdsAustraliav3Goul,12,Erythrodryas rhodinogaster,,Pink-breasted Wood-robin,Petroica rodinogaster,Petroica rodinogaster,Pink Robin,manual,high,yes,,,
III,2,birdsAustraliav3Goul,16,Erythrodryas rosea,Gould,Rose-breasted Wood-robin,Petroica rosea,Petroica rosea,Rose Robin,manual,high,yes,,,
III,3,birdsAustraliav3Goul,20,Petroica multicolor,,Scarlet-breasted Robin,Petroica boodang,Petroica boodang,Scarlet Robin,manual,high,yes,,,
III,4,birdsAustraliav3Goul,24,Petroica erythrogastra,,Norfolk Island Robin,Petroica multicolor,,,manual,high,no,,,
III,5,birdsAustraliav3Goul,28,Petroica Goodenovii,,Red-capped Robin,Petroica goodenovii,Petroica goodenovii,Red-capped Robin,exact,high,yes,,,
III,6,birdsAustraliav3Goul,32,Petroica phoenicea,Gould,Flame-breasted Robin,Petroica phoenicea,Petroica phoenicea,Flame Robin,exact,high,yes,,,
III,7,birdsAustraliav3Goul,36,Petroica bicolor,Swains,Pied Robin,Melanodryas cucullata,Melanodryas cucullata,Hooded Robin,manual,high,yes,,,
III,8,birdsAustraliav3Goul,40,Petroica fusca,Gould,Dusky Robin,Melanodryas vittata,Melanodryas vittata,Dusky Robin,common-name,high,yes,,,
III,9,birdsAustraliav3Goul,44,Petroica superciliosa,Gould,White-eyebrowed Robin,Poecilodryas superciliosa,,,manual,high,no,,,
III,10,birdsAustraliav3Goul,48,Drymodes brunneopygia,Gould,Scrub Robin,Drymodes brunneopygia,Drymodes brunneopygia,Southern Scrub-Robin,exact,high,yes,,,
III,11,birdsAustraliav3Goul,52,Eöpsaltria Australis,,Yellow-breasted Robin,Eopsaltria australis,Eopsaltria australis,Eastern Yellow Robin,manual,high,yes,,,
III,12,birdsAustraliav3Goul,56,Eöpsaltria griseogularis,Gould,Grey-breasted Robin,Eopsaltria griseogularis,,,manual,high,no,,,
III,13,birdsAustraliav3Goul,60,Eöpsaltria leucogaster,Gould,White-bellied Robin,Eopsaltria georgiana,,,manual,high,no,,,
III,14,birdsAustraliav3Goul,64,Menura superba,Dav,Lyre-Bird,Menura novaehollandiae,Menura novaehollandiae,Superb Lyrebird,manual,high,yes,,,
III,15,birdsAustraliav3Goul,68,Psophodes crepitans,,Coach-whip Bird,Psophodes olivaceus,Psophodes olivaceus,Eastern Whipbird,manual,high,yes,,,
III,16,birdsAustraliav3Goul,72,Psophodes nigrogularis,Gould,Black-throated Psophodes,Psophodes nigrogularis,Psophodes nigrogularis,Western Whipbird,exact,high,yes,,,
III,17,birdsAustraliav3Goul,76,Sphenostoma cristata,Gould,Crested Wedge-bill,Psophodes cristatus,Psophodes cristatus,Chirruping Wedgebill,manual,high,yes,,,
III,18,birdsAustraliav3Goul,80,Malurus cyaneus,,Blue Wren,Malurus cyaneus,Malurus cyaneus,Superb Fairywren,exact,high,yes,,,
III,19,birdsAustraliav3Goul,84,Malurus longicaudus,Gould,Long-tailed Wren,Malurus cyaneus,Malurus cyaneus,Superb Fairywren,manual,high,yes,,,
III,20,birdsAustraliav3Goul,88,Malurus melanotus,Gould,Black-backed Wren,Malurus splendens,Malurus splendens,Splendid Fairywren,manual,high,yes,,,
III,21,birdsAustraliav3Goul,92,Malurus splendens,,Banded Wren,Malurus splendens,Malurus splendens,Splendid Fairywren,exact,high,yes,,,
III,22,birdsAustraliav3Goul,96,Malurus elegans,Gould,Graceful Wren,Malurus elegans,Malurus elegans,Red-winged Fairywren,exact,high,yes,,,
III,23,birdsAustraliav3Goul,100,Malurus pulcherrimus,Gould,Beautiful Wren,Malurus pulcherrimus,,,manual,high,no,,,
III,24,birdsAustraliav3Goul,104,Malurus Lamberti,Vig. & Horsf,Lambert’s Wren,Malurus lamberti,Malurus lamberti,Variegated Fairywren,exact,high,yes,,,
III,25,birdsAustraliav3Goul,108,Malurus leucopterus,Quoy & Gaim,White-winged Wren,Malurus leucopterus,Malurus leucopterus,White-winged Fairywren,exact,high,yes,,,
III,26,birdsAustraliav3Goul,112,Malurus melanocephalus,Vig. & Horsf,Black-headed Wren,Malurus melanocephalus,Malurus melanocephalus,Red-backed Fairywren,exact,high,yes,,,
III,27,birdsAustraliav3Goul,116,Malurus Brownii,Vig. & Horsf,Brown’s Wren,Malurus melanocephalus,Malurus melanocephalus,Red-backed Fairywren,manual,medium,yes,,,
III,28,birdsAustraliav3Goul,120,Amytis textilis,,Textile Wren,Amytornis textilis,,,manual,high,no,,,
III,29,birdsAustraliav3Goul,124,Amytis striatus,Gould,Striated Wren,Amytornis striatus,,,manual,high,no,,,
III,30,birdsAustraliav3Goul,128,Amytis macrourus,Gould,Large-tailed Wren,,,,unresolved,,no,,,
III,31,birdsAustraliav3Goul,132,Stipiturus malachurus,,Emu Wren,Stipiturus malachurus,Stipiturus malachurus,Southern Emuwren,exact,high,yes,,,
III,32,birdsAustraliav3Goul,136,Dasyornis Australis,Vig. & Horsf,Bristle-Bird,Dasyornis brachypterus,Dasyornis brachypterus,Eastern Bristlebird,manual,high,yes,,,
III,33,birdsAustraliav3Goul,140,Dasyornis longirostris,Gould,Long-billed Bristle-Bird,Dasyornis longirostris,Dasyornis longirostris,Western Bristlebird,exact,high,yes,,,
III,34,birdsAustraliav3Goul,144,Atrichia clamosa,Gould,Noisy Brush-bird,Atrichornis clamosus,Atrichornis clamosus,Noisy Scrub-bird,manual,high,yes,,,
III,35,birdsAustraliav3Goul,148,Sphenoeacus galactotes,,Tawny Sphenœacus,Cincloramphus timoriensis,Cincloramphus timoriensis,Tawny Grassbird,manual,high,yes,,,
III,36,birdsAustraliav3Goul,152,Sphenoeacus gramineus,Gould,Grass-loving Sphenœacus,Poodytes gramineus,Poodytes gramineus,Little Grassbird,manual,high,yes,,,
III,37,birdsAustraliav3Goul,156,Acrocephalus Australis,Gould,Reed Warbler,Acrocephalus australis,Acrocephalus australis,Australian Reed Warbler,exact,high,yes,,,
III,38,birdsAustraliav3Goul,160,Acrocephalus longirostris,Gould,Long-billed Reed Warbler,Acrocephalus australis,Acrocephalus australis,Australian Reed Warbler,manual,high,yes,,,
III,39,birdsAustraliav3Goul,164,Hylacola pyrrhopygia,,Red-rumped Wren,Hylacola pyrrhopygia,,,manual,high,no,,,
III,40,birdsAustraliav3Goul,168,Hylacola cauta,Gould,Cautious Wren,Hylacola cauta,Hylacola cauta,Shy Heathwren,exact,high,yes,,,
III,41,birdsAustraliav3Goul,172,Cysticola magna,Gould,Great Warbler,,,,unresolved,,no,,,
III,42,birdsAustraliav3Goul,176,Cysticola exilis,,Exile Warbler,Cisticola exilis,Cisticola exilis,Golden-headed Cisticola,manual,high,yes,,,
III,43,birdsAustraliav3Goul,180,Cysticola lineocapilla,Gould,Lineated Warbler,Cisticola exilis,Cisticola exilis,Golden-headed Cisticola,manual,high,yes,,,
III,44,birdsAustraliav3Goul,184,Cysticola isura,Gould,Square-tailed Warbler,,,,unresolved,,no,,,
III,45,birdsAustraliav3Goul,188,Cysticola ruficeps,Gould,Rufous-headed Warbler,,,,unresolved,,no,,,
III,46,birdsAustraliav3Goul,192,Sericornis citreogularis,Gould,Yellow-throated Sericornis,Sericornis citreogularis,Sericornis citreogularis,Yellow-throated Scrubwren,exact,high,yes,,,
III,47,birdsAustraliav3Goul,196,Sericornis humilis,Gould,Sombre-coloured Sericornis,Sericornis humilis,Sericornis humilis,Tasmanian Scrubwren,exact,high,yes,,,
III,48,birdsAustraliav3Goul,200,Sericornis osculans,Gould,Allied Sericornis,,,,unresolved,,no,,,
III,49,birdsAustraliav3Goul,204,Sericornis frontalis,,White-fronted Sericornis,Sericornis frontalis,Sericornis frontalis,White-browed Scrubwren,exact,high,yes,,,
III,50,birdsAustraliav3Goul,208,Sericornis laevigaster,Gould,Buff-breasted Sericornis,,,,unresolved,,no,,,
III,51,birdsAustraliav3Goul,212,Sericornis maculatus,Gould,Spotted Sericornis,Sericornis frontalis,Sericornis frontalis,White-browed Scrubwren,manual,high,yes,,,
III,52,birdsAustraliav3Goul,216,Sericornis magnirostris,Gould,Large-billed Sericornis,Sericornis magnirostra,Sericornis magnirostra,Large-billed Scrubwren,manual,high,yes,,,
III,53,birdsAustraliav3Goul,220,Acanthiza pusilla,,Little Brown Acanthiza,Acanthiza pusilla,Acanthiza pusilla,Brown Thornbill,exact,high,yes,,,
III,54,birdsAustraliav3Goul,224,Acanthiza Diemenensis,Gould,Tasmanian Acanthiza,Acanthiza ewingii,Acanthiza ewingii,Tasmanian Thornbill,manual,high,yes,,,
III,55,birdsAustraliav3Goul,228,Acanthiza Ewingii,Gould,Ewing’s Acanthiza,Acanthiza ewingii,Acanthiza ewingii,Tasmanian Thornbill,exact,high,yes,,,
III,56,birdsAustraliav3Goul,232,Acanthiza uropygialis,Gould,Chestnut-rumped Acanthiza,Acanthiza uropygialis,Acanthiza uropygialis,Chestnut-rumped Thornbill,exact,high,yes,,,
III,57,birdsAustraliav3Goul,236,Acanthiza apicalis,Gould,Western Acanthiza,Acanthiza apicalis,Acanthiza apicalis,Inland Thornbill,exact,high,yes,,,
III,58,birdsAustraliav3Goul,240,Acanthiza pyrrhopygia,Gould,Red-rumped Acanthiza,,,,unresolved,,no,,,
III,59,birdsAustraliav3Goul,244,Acanthiza inornata,Gould,Plain-coloured Acanthiza,Acanthiza inornata,Acanthiza inornata,Western Thornbill,exact,high,yes,,,
III,60,birdsAustraliav3Goul,248,Acanthiza nana,Vig. & Horsf,Little Acanthiza,Acanthiza nana,Acanthiza nana,Yellow Thornbill,exact,high,yes,,,
III,61,birdsAustraliav3Goul,252,Acanthiza lineata,Gould,Striated Acanthiza,Acanthiza lineata,Acanthiza lineata,Striated Thornbill,exact,high,yes,,,
III,62,birdsAustraliav3Goul,256,Acanthiza Reguloides,Vig. & Horsf,Regulus-like Acanthiza,Acanthiza reguloides,Acanthiza reguloides,Buff-rumped Thornbill,exact,high,yes,,,
III,63,birdsAustraliav3Goul,260,Acanthiza chrysorrhoea,,Yellow-rumped Acanthiza,Acanthiza chrysorrhoa,Acanthiza chrysorrhoa,Yellow-rumped Thornbill,manual,high,yes,,,
III,64,birdsAustraliav3Goul,264,Ephthianura albifrons,,White-fronted Ephthianura,Epthianura albifrons,,,manual,high,no,,,
III,65,birdsAustraliav3Goul,268,Ephthianura aurifrons,Gould,Orange-fronted Ephthianura,Epthianura aurifrons,,,manual,high,no,,,
III,66,birdsAustraliav3Goul,272,Ephthianura tricolor,Gould,Tri-coloured Ephthianura,Epthianura tricolor,Epthianura tricolor,Crimson Chat,manual,high,yes,,,
III,67,birdsAustraliav3Goul,276,Xerophila leucopsis,Gould,White-faced Xerophila,Aphelocephala leucopsis,Aphelocephala leucopsis,Southern Whiteface,manual,high,yes,,,
III,68,birdsAustraliav3Goul,280,Pyrrholaemus brunneus,Gould,Brown Red-throat,Pyrrholaemus brunneus,Pyrrholaemus brunneus,Redthroat,exact,high,yes,,,
III,69,birdsAustraliav3Goul,284,Origma rubricata,,Rock-Warbler,Origma solitaria,,,manual,high,no,,,
III,70,birdsAustraliav3Goul,288,Calamanthus fuliginosus,,Striated Reed-Lark,Calamanthus fuliginosus,Calamanthus fuliginosus,Striated Fieldwren,exact,high,yes,,,
III,71,birdsAustraliav3Goul,292,Calamanthus campestris,Gould,Field Reed-Lark,Calamanthus campestris,,,manual,high,no,,,
III,72,birdsAustraliav3Goul,296,Chthonicola minima,,Little Chthonicola,Pyrrholaemus sagittatus,Pyrrholaemus sagittatus,Speckled Warbler,manual,high,yes,,,
III,73,birdsAustraliav3Goul,300,Anthus Australis,Vig. & Horsf,Australian Pipit,Anthus australis,,,manual,high,no,,,
III,74,birdsAustraliav3Goul,304,Cincloramphus cruralis,,Brown Cincloramphus,Cincloramphus cruralis,Cincloramphus cruralis,Brown Songlark,exact,high,yes,,,
III,75,birdsAustraliav3Goul,308,Cincloramphus cantillans,Gould,Black-breasted Cincloramphus,,,,unresolved,,no,,,
III,76,birdsAustraliav3Goul,312,Cincloramphus rufescens,,Rufous-tinted Cincloramphus,Cincloramphus mathewsi,Cincloramphus mathewsi,Rufous Songlark,manual,high,yes,,,
III,77,birdsAustraliav3Goul,316,Mirafra Horsfieldii,Gould,Horsfield’s Mirafra,Mirafra javanica,Mirafra javanica,Australasian Bushlark,manual,high,yes,,,
III,78,birdsAustraliav3Goul,320,Estrelda bella,,Fire-tailed Finch,Stagonopleura bella,Stagonopleura bella,Beautiful Firetail,epithet+noun,medium,yes,,,
III,79,birdsAustraliav3Goul,324,Estrelda oculea,,Red-eared Finch,Stagonopleura oculata,,,manual,high,no,,,
III,80,birdsAustraliav3Goul,328,Estrelda Bichenovii,,Bicheno’s Finch,Stizoptera bichenovii,Stizoptera bichenovii,Double-barred Finch,epithet+noun,medium,yes,,,
III,81,birdsAustraliav3Goul,332,Estrelda annulosa,Gould,Black-rumped Finch,Stizoptera bichenovii,Stizoptera bichenovii,Double-barred Finch,manual,high,yes,,,
III,82,birdsAustraliav3Goul,336,Estrelda temporalis,,Red-eyebrowed Finch,Neochmia temporalis,Neochmia temporalis,Red-browed Firetail,epithet+noun,medium,yes,,,
III,83,birdsAustraliav3Goul,340,Estrelda Phaeton,,Crimson Finch,Neochmia phaeton,Neochmia phaeton,Crimson Finch,common-name,high,yes,,,
III,84,birdsAustraliav3Goul,344,Estrelda ruficauda,Gould,Red-tailed Finch,Neochmia ruficauda,,,manual,high,no,,,
III,85,birdsAustraliav3Goul,348,Amadina modesta,Gould,Plain-coloured Finch,Neochmia modesta,,,manual,high,no,,,
III,86,birdsAustraliav3Goul,352,Amadina Lathamii,,Spotted-sided Finch,Stagonopleura guttata,,,manual,high,no,,,
III,87,birdsAustraliav3Goul,356,Amadina castanotis,Gould,Chestnut-eared Finch,Taeniopygia guttata,Taeniopygia guttata,Zebra Finch,manual,high,yes,,,
III,88,birdsAustraliav3Goul,360,Amadina Gouldiae,Gould,Gouldian Finch,Chloebia gouldiae,,,manual,high,no,,,
III,89,birdsAustraliav3Goul,364,Poephila mirabilis,Homb. & Jacq,Beautiful Grass Finch,Chloebia gouldiae,,,manual,high,no,,,
III,90,birdsAustraliav3Goul,368,Poephila acuticauda,Gould,Long-tailed Grass Finch,Poephila acuticauda,,,manual,high,no,,,
III,91,birdsAustraliav3Goul,372,Poephila personata,Gould,Masked Grass Finch,Poephila personata,,,manual,high,no,,,
III,92,birdsAustraliav3Goul,376,Poephila leucotis,Gould,White-eared Grass Finch,Poephila personata,,,manual,high,no,,,
III,93,birdsAustraliav3Goul,380,Poephila cincta,Gould,Banded Grass Finch,Poephila cincta,,,manual,high,no,,,
III,94,birdsAustraliav3Goul,384,Donacola castaneothorax,Gould,Chestnut-breasted Finch,Lonchura castaneothorax,Lonchura castaneothorax,Chestnut-breasted Munia,epithet+noun,medium,yes,,,
III,95,birdsAustraliav3Goul,388,Donacola pectoralis,Gould,White-breasted Finch,Heteromunia pectoralis,,,manual,high,no,,,
III,96,birdsAustraliav3Goul,392,Donacola flaviprymna,Gould,Yellow-rumped Finch,Lonchura flaviprymna,,,manual,high,no,,,
III,97,birdsAustraliav3Goul,396,Emblema picta,Gould,Painted Finch,Emblema pictum,,,manual,high,no,,,
IV,1,birdsAustraliav4Goul,12,Pitta strepitans,Temm,Noisy Pitta,Pitta versicolor,Pitta versicolor,Noisy Pitta,common-name,high,yes,,,
IV,2,birdsAustraliav4Goul,16,Pitta Vigorsii,Gould,Vigors’ Pitta,,,,unresolved,,no,,,
IV,3,birdsAustraliav4Goul,20,Pitta Iris,Gould,Rainbow Pitta,Pitta iris,,,manual,high,no,,,
IV,4,birdsAustraliav4Goul,24,Cinclosoma punctatum,Vig. & Horsf,Spotted Ground-Thrush,Cinclosoma punctatum,Cinclosoma punctatum,Spotted Quail-thrush,exact,high,yes,,,
IV,5,birdsAustraliav4Goul,28,Cinclosoma castanotus,Gould,Chestnut-backed Ground-Thrush,Cinclosoma castanotum,,,manual,high,no,,,
IV,6,birdsAustraliav4Goul,32,Cinclosoma cinnamomeus,Gould,Cinnamon-coloured Cinclosoma,Cinclosoma cinnamomeum,,,manual,high,no,,,
IV,7,birdsAustraliav4Goul,36,Oreocincla lunulata,,Mountain Thrush,Turdus plebejus,Turdus plebejus,Mountain Thrush,common-name,high,yes,,,
IV,8,birdsAustraliav4Goul,41,Chlamydera maculata,Gould,Spotted Bower-Bird,Chlamydera maculata,Chlamydera maculata,Spotted Bowerbird,exact,high,yes,,,double-page foldout
IV,9,birdsAustraliav4Goul,46,Chlamydera nuchalis,,Great Bower-Bird,Chlamydera nuchalis,Chlamydera nuchalis,Great Bowerbird,exact,high,yes,,,
IV,10,birdsAustraliav4Goul,51,Ptilonorhynchus holosericeus,Kuhl,Satin Bower-Bird,Ptilonorhynchus violaceus,Ptilonorhynchus violaceus,Satin Bowerbird,common-name,high,yes,,,double-page foldout
IV,11,birdsAustraliav4Goul,56,Ptilonorhynchus Smithii,Vig. & Horsf,Cat Bird,Ailuroedus crassirostris,Ailuroedus crassirostris,Green Catbird,manual,high,yes,,,
IV,12,birdsAustraliav4Goul,60,Sericulus chrysocephalus,,Regent Bird,Sericulus chrysocephalus,,,manual,high,no,,,
IV,13,birdsAustraliav4Goul,64,Oriolus viridis,,New South Wales Oriole,Oriolus sagittatus,Oriolus sagittatus,Olive-backed Oriole,manual,high,yes,,,
IV,14,birdsAustraliav4Goul,68,Oriolus flavo-cinctus,,Crescent-marked Oriole,Oriolus flavocinctus,Oriolus flavocinctus,Green Oriole,exact,high,yes,,,
IV,15,birdsAustraliav4Goul,72,Sphecotheres Australis,Swains,Australian Sphecotheres,Sphecotheres vieilloti,Sphecotheres vieilloti,Australasian Figbird,manual,high,yes,,,
IV,16,birdsAustraliav4Goul,76,Corcorax leucopterus,,White-winged Chough,Corcorax melanorhamphos,Corcorax melanorhamphos,White-winged Chough,common-name,high,yes,,,
IV,17,birdsAustraliav4Goul,80,Struthidea cinerea,Gould,Grey Struthidea,Struthidea cinerea,Struthidea cinerea,Apostlebird,exact,high,yes,,,
IV,18,birdsAustraliav4Goul,84,Corvus Coronoides,Vig. & Horsf,White-eyed Crow,Corvus coronoides,Corvus coronoides,Australian Raven,exact,high,yes,,,
IV,19,birdsAustraliav4Goul,88,Neomorpha Gouldii,G. R. Gray,Gould’s Neomorpha,Heteralocha acutirostris,,,manual,high,no,,,
IV,20,birdsAustraliav4Goul,92,Pomatorhinus temporalis,,Temporal Pomatorhinus,Pomatostomus temporalis,Pomatostomus temporalis,Gray-crowned Babbler,manual,high,yes,,,
IV,21,birdsAustraliav4Goul,96,Pomatorhinus rubeculus,Gould,Red-breasted Pomatorhinus,Pomatostomus temporalis,Pomatostomus temporalis,Gray-crowned Babbler,manual,high,yes,,,
IV,22,birdsAustraliav4Goul,100,Pomatorhinus superciliosus,Vig. & Horsf,White-eyebrowed Pomatorhinus,Pomatostomus superciliosus,Pomatostomus superciliosus,White-browed Babbler,manual,high,yes,,,
IV,23,birdsAustraliav4Goul,104,Meliphaga Novae-Hollandiae,,New Holland Honey-eater,Phylidonyris novaehollandiae,Phylidonyris novaehollandiae,New Holland Honeyeater,common-name,high,yes,,,
IV,24,birdsAustraliav4Goul,108,Meliphaga longirostris,Gould,Long-billed Honey-eater,Phylidonyris novaehollandiae,Phylidonyris novaehollandiae,New Holland Honeyeater,manual,medium,yes,,,
IV,25,birdsAustraliav4Goul,112,Meliphaga sericea,Gould,White-cheeked Honey-eater,Phylidonyris niger,Phylidonyris niger,White-cheeked Honeyeater,common-name,high,yes,,,
IV,26,birdsAustraliav4Goul,116,Meliphaga mystacalis,Gould,Moustached Honey-eater,,,,unresolved,,no,,,
IV,27,birdsAustraliav4Goul,120,Meliphaga Australasiana,,Tasmanian Honey-eater,Phylidonyris pyrrhopterus,Phylidonyris pyrrhopterus,Crescent Honeyeater,manual,high,yes,,,
IV,28,birdsAustraliav4Goul,124,Glyciphila fulvifrons,,Fulvous-fronted Honey-eater,Glyciphila melanops,,,manual,high,no,,,
IV,29,birdsAustraliav4Goul,128,Glyciphila albifrons,Gould,White-fronted Honey-eater,Purnella albifrons,Purnella albifrons,White-fronted Honeyeater,common-name,high,yes,,,
IV,30,birdsAustraliav4Goul,132,Glyciphila fasciata,Gould,Fasciated Honey-eater,Ramsayornis fasciatus,,,manual,high,no,,,
IV,31,birdsAustraliav4Goul,136,Glyciphila ocularis,Gould,Brown Honey-eater,Lichmera indistincta,Lichmera indistincta,Brown Honeyeater,common-name,high,yes,,,
IV,32,birdsAustraliav4Goul,140,Ptilotis chrysotis,,Yellow-eared Honey-eater,Meliphaga lewinii,Meliphaga lewinii,Lewin's Honeyeater,manual,high,yes,,,
IV,33,birdsAustraliav4Goul,144,Ptilotis sonorus,Gould,Singing Honey-eater,Gavicalis virescens,Gavicalis virescens,Singing Honeyeater,common-name,high,yes,,,
IV,34,birdsAustraliav4Goul,148,Ptilotis versicolor,Gould,Varied Honey-eater,Gavicalis versicolor,,,manual,high,no,,,
IV,35,birdsAustraliav4Goul,152,Ptilotis flavigula,Gould,Yellow-throated Honey-eater,Nesoptilotis flavicollis,Nesoptilotis flavicollis,Yellow-throated Honeyeater,common-name,high,yes,,,
IV,36,birdsAustraliav4Goul,156,Ptilotis leucotis,,White-eared Honey-eater,Nesoptilotis leucotis,Nesoptilotis leucotis,White-eared Honeyeater,common-name,high,yes,,,
IV,37,birdsAustraliav4Goul,160,Ptilotis auricomis,,Yellow-tufted Honey-eater,Lichenostomus melanops,Lichenostomus melanops,Yellow-tufted Honeyeater,common-name,high,yes,,,
IV,38,birdsAustraliav4Goul,164,Ptilotis cratitius,Gould,Wattle-cheeked Honey-eater,Lichenostomus cratitius,Lichenostomus cratitius,Purple-gaped Honeyeater,epithet+noun,medium,yes,,,
IV,39,birdsAustraliav4Goul,168,Ptilotis ornatus,Gould,Graceful Honey-eater,Ptilotula ornata,Ptilotula ornata,Yellow-plumed Honeyeater,manual,high,yes,,,
IV,40,birdsAustraliav4Goul,172,Ptilotis plumulus,Gould,Plumed Honey-eater,Ptilotula plumula,,,manual,high,no,,,
IV,41,birdsAustraliav4Goul,176,Ptilotis flavescens,Gould,Yellow-tinted Honey-eater,Ptilotula flavescens,,,manual,high,no,,,
IV,42,birdsAustraliav4Goul,180,Ptilotis flava,Gould,Yellow Honey-eater,Stomiopera flava,,,manual,high,no,,,
IV,43,birdsAustraliav4Goul,184,Ptilotis penicillatus,Gould,White-plumed Honey-eater,Ptilotula penicillata,Ptilotula penicillata,White-plumed Honeyeater,common-name,high,yes,,,
IV,44,birdsAustraliav4Goul,188,Ptilotis fusca,Gould,Fuscous Honey-eater,Ptilotula fusca,Ptilotula fusca,Fuscous Honeyeater,common-name,high,yes,,,
IV,45,birdsAustraliav4Goul,192,Ptilotis chrysops,,Yellow-faced Honey-eater,Caligavis chrysops,Caligavis chrysops,Yellow-faced Honeyeater,common-name,high,yes,,,
IV,46,birdsAustraliav4Goul,196,Ptilotis unicolor,Gould,Uniform Honey-eater,Stomiopera unicolor,Stomiopera unicolor,White-gaped Honeyeater,manual,high,yes,,,
IV,47,birdsAustraliav4Goul,200,Plectorhyncha lanceolata,Gould,Lanceolate Honey-eater,Plectorhyncha lanceolata,Plectorhyncha lanceolata,Striped Honeyeater,exact,high,yes,,,
IV,48,birdsAustraliav4Goul,204,Zanthomyza Phrygia,,Warty-faced Honey-eater,Anthochaera phrygia,Anthochaera phrygia,Regent Honeyeater,epithet+noun,medium,yes,,,
IV,49,birdsAustraliav4Goul,208,Melicophila picata,Gould,Pied Honey-eater,Certhionyx variegatus,Certhionyx variegatus,Pied Honeyeater,common-name,high,yes,,,
IV,50,birdsAustraliav4Goul,212,Entomophila picta,Gould,Painted Honey-eater,Grantiella picta,Grantiella picta,Painted Honeyeater,common-name,high,yes,,,
IV,51,birdsAustraliav4Goul,216,Entomophila albogularis,Gould,White-throated Honey-eater,Melithreptus albogularis,Melithreptus albogularis,White-throated Honeyeater,common-name,high,yes,,,
IV,52,birdsAustraliav4Goul,220,Entomophila rufogularis,Gould,Red-throated Honey-eater,Conopophila rufogularis,,,manual,high,no,,,
IV,53,birdsAustraliav4Goul,224,Acanthogenys rufogularis,Gould,Spiny-cheeked Honey-eater,Acanthagenys rufogularis,Acanthagenys rufogularis,Spiny-cheeked Honeyeater,common-name,high,yes,,,
IV,54,birdsAustraliav4Goul,228,Anthochaera inauris,Gould,Great Wattled Honey-eater,Anthochaera paradoxa,Anthochaera paradoxa,Yellow Wattlebird,manual,high,yes,,,
IV,55,birdsAustraliav4Goul,232,Anthochaera carunculata,,Wattled Honey-eater,Anthochaera carunculata,Anthochaera carunculata,Red Wattlebird,exact,high,yes,,,
IV,56,birdsAustraliav4Goul,236,Anthochaera mellivora,,Brush Wattle-Bird,Anthochaera chrysoptera,Anthochaera chrysoptera,Little Wattlebird,manual,high,yes,,,
IV,57,birdsAustraliav4Goul,240,Anthochaera lunulata,Gould,Lunulated Wattle-Bird,Anthochaera lunulata,Anthochaera lunulata,Western Wattlebird,exact,high,yes,,,
IV,58,birdsAustraliav4Goul,244,Tropidorhynchus corniculatus,,Friar-Bird,Philemon corniculatus,Philemon corniculatus,Noisy Friarbird,epithet+noun,medium,yes,,,
IV,59,birdsAustraliav4Goul,248,Tropidorhynchus argenticeps,Gould,Silvery-crowned Friar-Bird,Philemon argenticeps,,,manual,high,no,,,
IV,60,birdsAustraliav4Goul,252,Tropidorhynchus citreogularis,Gould,Yellow-throated Friar-Bird,Philemon citreogularis,Philemon citreogularis,Little Friarbird,epithet+noun,medium,yes,,,
IV,61,birdsAustraliav4Goul,256,Acanthorhynchus tenuirostris,,Slender-billed Spine-bill,Acanthorhynchus tenuirostris,Acanthorhynchus tenuirostris,Eastern Spinebill,exact,high,yes,,,
IV,62,birdsAustraliav4Goul,260,Acanthorhynchus superciliosus,,White-eyebrowed Spine-bill,Acanthorhynchus superciliosus,Acanthorhynchus superciliosus,Western Spinebill,exact,high,yes,,,
IV,63,birdsAustraliav4Goul,264,Myzomela sanguineolenta,,Sanguineous Honey-eater,Myzomela sanguinolenta,Myzomela sanguinolenta,Scarlet Myzomela,manual,high,yes,,,
IV,64,birdsAustraliav4Goul,268,Myzomela erythrocephala,Gould,Red-headed Honey-eater,Myzomela erythrocephala,Myzomela erythrocephala,Red-headed Myzomela,exact,high,yes,,,
IV,65,birdsAustraliav4Goul,272,Myzomela pectoralis,Gould,Banded Honey-eater,Cissomela pectoralis,,,manual,high,no,,,
IV,66,birdsAustraliav4Goul,276,Myzomela nigra,Gould,Black Honey-eater,Sugomel nigrum,Sugomel nigrum,Black Honeyeater,common-name,high,yes,,,
IV,67,birdsAustraliav4Goul,280,Myzomela obscura,Gould,Obscure Honey-eater,Myzomela obscura,Myzomela obscura,Dusky Myzomela,exact,high,yes,,,
IV,68,birdsAustraliav4Goul,284,Entomyza cyanotis,,Blue-faced Entomyza,Entomyzon cyanotis,Entomyzon cyanotis,Blue-faced Honeyeater,manual,high,yes,,,
IV,69,birdsAustraliav4Goul,288,Entomyza albipennis,Gould,White-pinioned Honey-eater,Entomyzon cyanotis,Entomyzon cyanotis,Blue-faced Honeyeater,manual,high,yes,,,
IV,70,birdsAustraliav4Goul,292,Melithreptus validirostris,Gould,Strong-billed Honey-eater,Melithreptus validirostris,Melithreptus validirostris,Strong-billed Honeyeater,exact,high,yes,,,
IV,71,birdsAustraliav4Goul,296,Melithreptus gularis,Gould,Black-throated Honey-eater,Melithreptus gularis,Melithreptus gularis,Black-chinned Honeyeater,exact,high,yes,,,
IV,72,birdsAustraliav4Goul,300,Melithreptus lunulatus,,Lunulated Honey-eater,Melithreptus lunatus,Melithreptus lunatus,White-naped Honeyeater,manual,high,yes,,,
IV,73,birdsAustraliav4Goul,304,Melithreptus chloropsis,Gould,Swan River Honey-eater,Melithreptus chloropsis,Melithreptus chloropsis,Gilbert's Honeyeater,exact,high,yes,,,
IV,74,birdsAustraliav4Goul,308,Melithreptus albogularis,Gould,White-throated Honey-eater,Melithreptus albogularis,Melithreptus albogularis,White-throated Honeyeater,exact,high,yes,,,
IV,75,birdsAustraliav4Goul,312,Melithreptus melanocephalus,Gould,Black-headed Honey-eater,Melithreptus affinis,Melithreptus affinis,Black-headed Honeyeater,common-name,high,yes,,,
IV,76,birdsAustraliav4Goul,316,Myzantha garrula,,Garrulous Honey-eater,Manorina melanocephala,Manorina melanocephala,Noisy Miner,manual,high,yes,,,
IV,77,birdsAustraliav4Goul,320,Myzantha obscura,Gould,Sombre Honey-eater,,,,unresolved,,no,,,
IV,78,birdsAustraliav4Goul,324,Myzantha lutea,Gould,Luteous Honey-eater,Manorina flavigula,Manorina flavigula,Yellow-throated Miner,manual,medium,yes,,,
IV,79,birdsAustraliav4Goul,328,Myzantha flavigula,Gould,Yellow-throated Miner,Manorina flavigula,Manorina flavigula,Yellow-throated Miner,common-name,high,yes,,,
IV,80,birdsAustraliav4Goul,332,Myzantha melanophrys,,Australian Bell-Bird,Manorina melanophrys,Manorina melanophrys,Bell Miner,manual,high,yes,,,
IV,81,birdsAustraliav4Goul,336,Zosterops dorsalis,Vig. & Horsf,Grey-backed Zosterops,Zosterops lateralis,Zosterops lateralis,Silvereye,manual,high,yes,,,
IV,82,birdsAustraliav4Goul,340,Zosterops chloronotus,Gould,Green-backed Zosterops,Zosterops lateralis,Zosterops lateralis,Silvereye,manual,high,yes,,,
IV,83,birdsAustraliav4Goul,344,Zosterops luteus,Gould,Yellow Zosterops,Zosterops luteus,Zosterops luteus,Australian Yellow White-eye,exact,high,yes,,,
IV,84,birdsAustraliav4Goul,348,Cuculus optatus,Gould,Australian Cuckoo,Cuculus optatus,Cuculus optatus,Oriental Cuckoo,exact,high,yes,,,
IV,85,birdsAustraliav4Goul,352,Cuculus inornatus,Vig. & Horsf,Unadorned Cuckoo,Cacomantis pallidus,Cacomantis pallidus,Pallid Cuckoo,manual,high,yes,,,
IV,86,birdsAustraliav4Goul,356,Cuculus cineraceus,Vig. & Horsf,Ash-coloured Cuckoo,Cacomantis flabelliformis,Cacomantis flabelliformis,Fan-tailed Cuckoo,manual,high,yes,,,
IV,87,birdsAustraliav4Goul,360,Cuculus insperatus,Gould,Brush Cuckoo,Cacomantis variolosus,Cacomantis variolosus,Brush Cuckoo,common-name,high,yes,,,
IV,88,birdsAustraliav4Goul,364,Chalcites osculans,Gould,Black-eared Cuckoo,Chrysococcyx osculans,Chrysococcyx osculans,Black-eared Cuckoo,common-name,high,yes,,,
IV,89,birdsAustraliav4Goul,368,Chrysococcyx lucidus,,Shining Cuckoo,Chrysococcyx lucidus,Chrysococcyx lucidus,Shining Bronze-Cuckoo,exact,high,yes,,,
IV,90,birdsAustraliav4Goul,372,Scythrops Novae-Hollandiae,Lath,Channel-Bill,Scythrops novaehollandiae,Scythrops novaehollandiae,Channel-billed Cuckoo,exact,high,yes,,,
IV,91,birdsAustraliav4Goul,376,Eudynamys Flindersii,,Flinders’s Cuckoo,Eudynamys orientalis,Eudynamys orientalis,Pacific Koel,manual,high,yes,,,
IV,92,birdsAustraliav4Goul,380,Centropus Phasianus,,Pheasant Cuckoo,Centropus phasianinus,Centropus phasianinus,Pheasant Coucal,manual,high,yes,,,
IV,93,birdsAustraliav4Goul,384,Climacteris scandens,Temm,Brown Tree-Creeper,Climacteris picumnus,Climacteris picumnus,Brown Treecreeper,common-name,high,yes,,,
IV,94,birdsAustraliav4Goul,388,Climacteris rufa,Gould,Rufous Tree-Creeper,Climacteris rufus,,,manual,high,no,,,
IV,95,birdsAustraliav4Goul,392,Climacteris erythrops,Gould,Red-eyebrowed Tree-Creeper,Climacteris erythrops,,,manual,high,no,,,
IV,96,birdsAustraliav4Goul,396,Climacteris melanotus,Gould,Black-backed Tree-Creeper,,,,unresolved,,no,,,
IV,97,birdsAustraliav4Goul,400,Climacteris melanura,Gould,Black-tailed Tree-Creeper,Climacteris melanurus,,,manual,high,no,,,
IV,98,birdsAustraliav4Goul,404,Climacteris picumnus,Temm,White-throated Tree-Creeper,Cormobates leucophaea,Cormobates leucophaea,White-throated Treecreeper,manual,high,yes,,,
IV,99,birdsAustraliav4Goul,408,Orthonyx spinicaudus,Temm,Spine-tailed Orthonyx,Orthonyx temminckii,Orthonyx temminckii,Australian Logrunner,manual,high,yes,,,
IV,100,birdsAustraliav4Goul,412,Ptiloris paradiseus,Swains,Rifle Bird,Ptiloris paradiseus,Ptiloris paradiseus,Paradise Riflebird,exact,high,yes,,,
IV,101,birdsAustraliav4Goul,416,Sittella chrysoptera,,Orange-winged Sittella,Daphoenositta chrysoptera,Daphoenositta chrysoptera,Varied Sittella,manual,high,yes,,,
IV,102,birdsAustraliav4Goul,420,Sittella leucocephala,Gould,White-headed Sittella,Daphoenositta chrysoptera,Daphoenositta chrysoptera,Varied Sittella,manual,high,yes,,,
IV,103,birdsAustraliav4Goul,424,Sittella leucoptera,Gould,White-winged Sittella,Daphoenositta chrysoptera,Daphoenositta chrysoptera,Varied Sittella,manual,high,yes,,,
IV,104,birdsAustraliav4Goul,428,Sittella pileata,Gould,Black-capped Sittella,Daphoenositta chrysoptera,Daphoenositta chrysoptera,Varied Sittella,manual,high,yes,,,
V,1,birdsAustraliav5Goul,12,Cacatua galerita,,Crested Cockatoo,Cacatua galerita,Cacatua galerita,Sulphur-crested Cockatoo,exact,high,yes,,,
V,2,birdsAustraliav5Goul,16,Cacatua Leadbeateri,,Leadbeater’s Cockatoo,Lophochroa leadbeateri,Lophochroa leadbeateri,Pink Cockatoo,epithet+noun,medium,yes,,,
V,3,birdsAustraliav5Goul,20,Cacatua sanguinea,Gould,Blood-stained Cockatoo,Cacatua sanguinea,Cacatua sanguinea,Little Corella,exact,high,yes,,,
V,4,birdsAustraliav5Goul,24,Cacatua Eos,,Rose-breasted Cockatoo,Eolophus roseicapilla,Eolophus roseicapilla,Galah,manual,high,yes,,,
V,5,birdsAustraliav5Goul,28,Licmetis nasicus,,Long-billed Cockatoo,Cacatua tenuirostris,Cacatua tenuirostris,Long-billed Corella,manual,high,yes,,,
V,6,birdsAustraliav5Goul,32,Nestor productus,Gould,Philip Island Parrot,Nestor productus,,,manual,high,no,,,
V,7,birdsAustraliav5Goul,36,Calyptorhynchus Banksii,,Banksian Cockatoo,Calyptorhynchus banksii,Calyptorhynchus banksii,Red-tailed Black-Cockatoo,exact,high,yes,,,
V,8,birdsAustraliav5Goul,40,Calyptorhynchus macrorhynchus,Gould,Great-billed Black Cockatoo,Calyptorhynchus banksii,Calyptorhynchus banksii,Red-tailed Black-Cockatoo,manual,high,yes,,,
V,9,birdsAustraliav5Goul,44,Calyptorhynchus naso,Gould,Western Black Cockatoo,Calyptorhynchus banksii,Calyptorhynchus banksii,Red-tailed Black-Cockatoo,manual,high,yes,,,
V,10,birdsAustraliav5Goul,48,Calyptorhynchus Leachii,,Leach’s Cockatoo,Calyptorhynchus lathami,Calyptorhynchus lathami,Glossy Black-Cockatoo,manual,medium,yes,,,
V,11,birdsAustraliav5Goul,52,Calyptorhynchus funereus,,Funereal Cockatoo,Calyptorhynchus funereus,Calyptorhynchus funereus,Yellow-tailed Black-Cockatoo,exact,high,yes,,,
V,12,birdsAustraliav5Goul,56,Calyptorhynchus xanthonotus,Gould,Yellow-eared Black Cockatoo,Calyptorhynchus funereus,Calyptorhynchus funereus,Yellow-tailed Black-Cockatoo,manual,high,yes,,,
V,13,birdsAustraliav5Goul,60,Calyptorhynchus Baudinii,Vig,Baudin’s Cockatoo,Zanda baudinii,,,manual,high,no,,,
V,14,birdsAustraliav5Goul,64,Callocephalon galeatum,,Gang-gang Cockatoo,Callocephalon fimbriatum,Callocephalon fimbriatum,Gang-gang Cockatoo,common-name,high,yes,,,
V,15,birdsAustraliav5Goul,68,Polytelis Barrabandi,,Barraband’s Parrakeet,Polytelis swainsonii,Polytelis swainsonii,Superb Parrot,manual,high,yes,,,
V,16,birdsAustraliav5Goul,72,Polytelis melanura,,Black-tailed Parrakeet,Polytelis anthopeplus,Polytelis anthopeplus,Regent Parrot,manual,high,yes,,,
V,17,birdsAustraliav5Goul,76,Aprosmictus scapulatus,,King Lory,Alisterus scapularis,Alisterus scapularis,Australian King-Parrot,manual,high,yes,,,
V,18,birdsAustraliav5Goul,80,Aprosmictus erythropterus,,Red-winged Lory,Aprosmictus erythropterus,Aprosmictus erythropterus,Red-winged Parrot,exact,high,yes,,,
V,19,birdsAustraliav5Goul,84,Platycercus semitorquatus,,Yellow-collared Parrakeet,Barnardius zonarius,Barnardius zonarius,Australian Ringneck,manual,high,yes,,,
V,20,birdsAustraliav5Goul,88,Platycercus Baueri,,Bauer’s Parrakeet,Barnardius zonarius,Barnardius zonarius,Australian Ringneck,manual,high,yes,,,
V,21,birdsAustraliav5Goul,92,Platycercus Barnardi,Vig. & Horsf,Barnard’s Parrakeet,Barnardius zonarius,Barnardius zonarius,Australian Ringneck,manual,high,yes,,,
V,22,birdsAustraliav5Goul,96,Platycercus Adelaidiae,Gould,Adelaide Parrakeet,Platycercus elegans,Platycercus elegans,Crimson Rosella,manual,high,yes,,,
V,23,birdsAustraliav5Goul,100,Platycercus Pennantii,,Pennant’s Parrakeet,Platycercus elegans,Platycercus elegans,Crimson Rosella,manual,high,yes,,,
V,24,birdsAustraliav5Goul,104,Platycercus flaviventris,,Yellow-bellied Parrakeet,Platycercus caledonicus,Platycercus caledonicus,Green Rosella,manual,high,yes,,,
V,25,birdsAustraliav5Goul,108,Platycercus flaveolus,Gould,Yellow-rumped Parrakeet,Platycercus elegans,Platycercus elegans,Crimson Rosella,manual,high,yes,,,
V,26,birdsAustraliav5Goul,112,Platycercus palliceps,Vig,Pale-headed Parrakeet,Platycercus adscitus,Platycercus adscitus,Pale-headed Rosella,manual,high,yes,,,
V,27,birdsAustraliav5Goul,116,Platycercus eximius,,Rose-hill Parrakeet,Platycercus eximius,Platycercus eximius,Eastern Rosella,exact,high,yes,,,
V,28,birdsAustraliav5Goul,120,Platycercus splendidus,Gould,Splendid Parrakeet,,,,unresolved,,no,,,
V,29,birdsAustraliav5Goul,124,Platycercus icterotis,,The Earl of Derby’s Parrakeet,Platycercus icterotis,,,manual,high,no,,,
V,30,birdsAustraliav5Goul,128,Platycercus ignitus,Lead,Fiery Parrakeet,,,,unresolved,,no,,,
V,31,birdsAustraliav5Goul,132,Platycercus Brownii,,Brown’s Parrakeet,Platycercus venustus,,,manual,high,no,,,
V,32,birdsAustraliav5Goul,136,Platycercus pileatus,Vig,Red-capped Parrakeet,Purpureicephalus spurius,Purpureicephalus spurius,Red-capped Parrot,manual,high,yes,,,
V,33,birdsAustraliav5Goul,140,Psephotus haematogaster,Gould,Crimson-bellied Parrakeet,Northiella haematogaster,Northiella haematogaster,Greater Bluebonnet,manual,high,yes,,,
V,34,birdsAustraliav5Goul,144,Psephotus pulcherrimus,Gould,Beautiful Parrakeet,Psephotellus pulcherrimus,,,manual,high,no,,,
V,35,birdsAustraliav5Goul,148,Psephotus multicolor,,Many-coloured Parrakeet,Psephotellus varius,,,manual,high,no,,,
V,36,birdsAustraliav5Goul,152,Psephotus haematonotus,Gould,Red-backed Parrakeet,Psephotus haematonotus,Psephotus haematonotus,Red-rumped Parrot,exact,high,yes,,,
V,37,birdsAustraliav5Goul,156,Euphema chrysostoma,,Blue-banded Grass-Parrakeet,Neophema chrysostoma,,,manual,high,no,,,
V,38,birdsAustraliav5Goul,160,Euphema elegans,Gould,Elegant Grass-Parrakeet,Neophema elegans,,,manual,high,no,,,
V,39,birdsAustraliav5Goul,164,Euphema aurantia,Gould,Orange-bellied Grass-Parrakeet,Neophema chrysogaster,,,manual,high,no,,,
V,40,birdsAustraliav5Goul,168,Euphema petrophila,Gould,Rock Grass-Parrakeet,Neophema petrophila,,,manual,high,no,,,
V,41,birdsAustraliav5Goul,172,Euphema pulchella,,Chestnut-shouldered Grass-Parrakeet,Neophema pulchella,Neophema pulchella,Turquoise Parrot,manual,high,yes,,,
V,42,birdsAustraliav5Goul,176,Euphema splendida,Gould,Splendid Grass-Parrakeet,Neophema splendida,,,manual,high,no,,,
V,43,birdsAustraliav5Goul,180,Euphema Bourkii,,Bourke’s Grass-Parrakeet,Neopsephotus bourkii,,,manual,high,no,,,
V,44,birdsAustraliav5Goul,184,Melopsittacus undulatus,,Warbling Grass-Parrakeet,Melopsittacus undulatus,Melopsittacus undulatus,Budgerigar,exact,high,yes,,,
V,45,birdsAustraliav5Goul,188,Nymphicus Novae-Hollandiae,,Cockatoo Parrakeet,Nymphicus hollandicus,Nymphicus hollandicus,Cockatiel,manual,high,yes,,,
V,46,birdsAustraliav5Goul,192,Pezoporus formosus,,Ground Parrakeet,Pezoporus wallicus,Pezoporus wallicus,Ground Parrot,manual,high,yes,,,
V,47,birdsAustraliav5Goul,196,Lathamus discolor,,Swift Lorikeet,Lathamus discolor,Lathamus discolor,Swift Parrot,exact,high,yes,,,
V,48,birdsAustraliav5Goul,200,Trichoglossus Swainsonii,Jard. & Selby,Swainson's Lorikeet,Trichoglossus moluccanus,Trichoglossus moluccanus,Rainbow Lorikeet,manual,high,yes,,,
V,49,birdsAustraliav5Goul,204,Trichoglossus rubritorquis,Vig. & Horsf,Red-collared Lorikeet,Trichoglossus rubritorquis,Trichoglossus rubritorquis,Red-collared Lorikeet,exact,high,yes,,,
V,50,birdsAustraliav5Goul,208,Trichoglossus chlorolepidotus,,Scaly-breasted Lorikeet,Trichoglossus chlorolepidotus,Trichoglossus chlorolepidotus,Scaly-breasted Lorikeet,exact,high,yes,,,
V,51,birdsAustraliav5Goul,212,Trichoglossus versicolor,Vig,Varied Lorikeet,Psitteuteles versicolor,,,manual,high,no,,,
V,52,birdsAustraliav5Goul,216,Trichoglossus concinnus,,Musky Lorikeet,Glossopsitta concinna,Glossopsitta concinna,Musk Lorikeet,manual,high,yes,,,
V,53,birdsAustraliav5Goul,220,Trichoglossus porphyrocephalus,Diet,Porphyry-crowned Lorikeet,Parvipsitta porphyrocephala,Parvipsitta porphyrocephala,Purple-crowned Lorikeet,epithet+noun,medium,yes,,,
V,54,birdsAustraliav5Goul,224,Trichoglossus pusillus,,Little Lorikeet,Parvipsitta pusilla,Parvipsitta pusilla,Little Lorikeet,common-name,high,yes,,,
V,55,birdsAustraliav5Goul,228,Ptilinopus Swainsonii,Gould,Swainson’s Fruit Pigeon,Ptilinopus regina,Ptilinopus regina,Rose-crowned Fruit-Dove,manual,high,yes,,,
V,56,birdsAustraliav5Goul,232,Ptilinopus Ewingii,Gould,Ewing’s Fruit Pigeon,Ptilinopus regina,Ptilinopus regina,Rose-crowned Fruit-Dove,manual,medium,yes,,,
V,57,birdsAustraliav5Goul,236,Ptilinopus superbus,,Superb Fruit Pigeon,Ptilinopus superbus,Ptilinopus superbus,Superb Fruit-Dove,exact,high,yes,,,
V,58,birdsAustraliav5Goul,240,Carpophaga magnifica,,Magnificent Fruit Pigeon,Ptilinopus magnificus,Ptilinopus magnificus,Wompoo Fruit-Dove,epithet+noun,medium,yes,,,
V,59,birdsAustraliav5Goul,244,Carpophaga leucomela,,White-headed Fruit Pigeon,Columba leucomela,,,manual,high,no,,,
V,60,birdsAustraliav5Goul,248,Carpophaga luctuosa,,Torres Strait Fruit Pigeon,Ducula spilorrhoa,Ducula spilorrhoa,Torresian Imperial-Pigeon,manual,high,yes,,,
V,61,birdsAustraliav5Goul,252,Lopholaimus Antarcticus,,Top-Knot Pigeon,Lopholaimus antarcticus,,,manual,high,no,,,
V,62,birdsAustraliav5Goul,256,Chalcophaps chrysochlora,,Little Green Pigeon,Chalcophaps longirostris,Chalcophaps longirostris,Pacific Emerald Dove,manual,high,yes,,,
V,63,birdsAustraliav5Goul,260,Leucosarcia picata,,Wonga-wonga Pigeon,Leucosarcia melanoleuca,Leucosarcia melanoleuca,Wonga Pigeon,manual,high,yes,,,
V,64,birdsAustraliav5Goul,264,Peristera chalcoptera,,Bronze-winged Pigeon,Phaps chalcoptera,Phaps chalcoptera,Common Bronzewing,epithet+noun,medium,yes,,,
V,65,birdsAustraliav5Goul,268,Peristera elegans,,Brush Bronze-winged Pigeon,Phaps elegans,Phaps elegans,Brush Bronzewing,manual,high,yes,,,
V,66,birdsAustraliav5Goul,272,Peristera histrionica,Gould,Harlequin Bronzewing,Phaps histrionica,,,manual,high,no,,,
V,67,birdsAustraliav5Goul,276,Geophaps scripta,,Partridge Bronze-wing,Geophaps scripta,,,manual,high,no,,,
V,68,birdsAustraliav5Goul,280,Geophaps Smithii,,Smith’s Partridge Bronze-wing,Geophaps smithii,,,manual,high,no,,,
V,69,birdsAustraliav5Goul,284,Geophaps plumifera,Gould,Plumed Partridge Bronze-wing,Geophaps plumifera,,,manual,high,no,,,
V,70,birdsAustraliav5Goul,288,Ocyphaps Lophotes,,Crested Pigeon,Ocyphaps lophotes,Ocyphaps lophotes,Crested Pigeon,exact,high,yes,,,
V,71,birdsAustraliav5Goul,292,Petrophassa albipennis,Gould,White-quilled Rock Dove,Petrophassa albipennis,,,manual,high,no,,,
V,72,birdsAustraliav5Goul,296,Geopelia humeralis,,Barred-shouldered Ground Dove,Geopelia humeralis,Geopelia humeralis,Bar-shouldered Dove,exact,high,yes,,,
V,73,birdsAustraliav5Goul,300,Geopelia tranquilla,Gould,Peaceful Ground Dove,Geopelia placida,Geopelia placida,Peaceful Dove,manual,high,yes,,,
V,74,birdsAustraliav5Goul,304,Geopelia cuneata,,Graceful Ground Dove,Geopelia cuneata,,,manual,high,no,,,
V,75,birdsAustraliav5Goul,308,Macropygia Phasianella,,Pheasant-tailed Pigeon,Macropygia phasianella,Macropygia phasianella,Brown Cuckoo-Dove,exact,high,yes,,,
V,76,birdsAustraliav5Goul,312,Gnathodon strigirostris,Jard,Gnathodon,Didunculus strigirostris,,,manual,high,no,,,
V,77,birdsAustraliav5Goul,316,Talegalla Lathami,,Wattled Talegalla,Alectura lathami,Alectura lathami,Australian Brushturkey,manual,high,yes,,,
V,78,birdsAustraliav5Goul,320,Leipoa ocellata,Gould,Ocellated Leipoa,Leipoa ocellata,,,manual,high,no,,,
V,79,birdsAustraliav5Goul,324,Megapodius Tumulus,Gould,Mound-raising Megapode,Megapodius reinwardt,Megapodius reinwardt,Orange-footed Scrubfowl,manual,high,yes,,,
V,80,birdsAustraliav5Goul,328,Pedionomus torquatus,Gould,Collared Plain Wanderer,Pedionomus torquatus,,,manual,high,no,,,
V,81,birdsAustraliav5Goul,332,Hemipodius melanogaster,Gould,Black-breasted Hemipode,Turnix melanogaster,,,manual,high,no,,,
V,82,birdsAustraliav5Goul,336,Hemipodius varius,,Varied Hemipode,Turnix varius,Turnix varius,Painted Buttonquail,manual,high,yes,,,
V,83,birdsAustraliav5Goul,340,Hemipodius scintillans,Gould,Sparkling Hemipode,,,,unresolved,,no,,,
V,84,birdsAustraliav5Goul,344,Hemipodius melanotus,Gould,Black-backed Hemipode,,,,unresolved,,no,,,
V,85,birdsAustraliav5Goul,348,Hemipodius castanotus,Gould,Chestnut-backed Hemipode,Turnix castanotus,,,manual,high,no,,,
V,86,birdsAustraliav5Goul,352,Hemipodius pyrrhothorax,Gould,Red-chested Hemipode,Turnix pyrrhothorax,,,manual,high,no,,,
V,87,birdsAustraliav5Goul,356,Hemipodius velox,Gould,Swift-flying Hemipode,Turnix velox,,,manual,high,no,,,
V,88,birdsAustraliav5Goul,360,Coturnix pectoralis,Gould,Pectoral Quail,Coturnix pectoralis,Coturnix pectoralis,Stubble Quail,exact,high,yes,,,
V,89,birdsAustraliav5Goul,364,Synoicus Australis,,Australian Partridge,Synoicus ypsilophorus,Synoicus ypsilophorus,Brown Quail,manual,high,yes,,,
V,90,birdsAustraliav5Goul,368,Synoicus Diemenensis,Gould,Van Diemen’s Land Partridge,Synoicus ypsilophorus,Synoicus ypsilophorus,Brown Quail,manual,high,yes,,,
V,91,birdsAustraliav5Goul,372,Synoicus sordidus,Gould,Sombre Partridge,,,,unresolved,,no,,,
V,92,birdsAustraliav5Goul,376,Synoicus Chinensis,,Chinese Quail,Synoicus chinensis,Synoicus chinensis,Blue-breasted Quail,exact,high,yes,,,
VI,1,birdsAustraliav6Goul,12,Dromaius Novae-Hollandiae,,The Emu,Dromaius novaehollandiae,,,manual,high,no,,,
VI,2,birdsAustraliav6Goul,16,Apteryx australis,,Kiwi-kiwi,Apteryx australis,,,manual,high,no,,,
VI,3,birdsAustraliav6Goul,20,Apteryx Owenii,,Owen's Apteryx,Apteryx owenii,,,manual,high,no,,,
VI,4,birdsAustraliav6Goul,24,Otis australasianus,,Australian Bustard,Ardeotis australis,,,manual,high,no,,,
VI,5,birdsAustraliav6Goul,28,Oedicnemus grallarius,,Southern Stone-Plover,Burhinus grallarius,Burhinus grallarius,Bush Thick-knee,manual,high,yes,,,
VI,6,birdsAustraliav6Goul,32,Esacus magnirostris,,Large-billed Plover,Esacus magnirostris,Esacus magnirostris,Beach Thick-knee,exact,high,yes,,,
VI,7,birdsAustraliav6Goul,36,Haematopus longirostris,,White-breasted Oyster-catcher,Haematopus longirostris,Haematopus longirostris,Pied Oystercatcher,exact,high,yes,,,
VI,8,birdsAustraliav6Goul,40,Haematopus fuliginosus,,Sooty Oyster-catcher,Haematopus fuliginosus,Haematopus fuliginosus,Sooty Oystercatcher,exact,high,yes,,,
VI,9,birdsAustraliav6Goul,44,Lobivanellus lobatus,,Wattled Pewit,Vanellus miles,Vanellus miles,Masked Lapwing,manual,high,yes,,,
VI,10,birdsAustraliav6Goul,48,Lobivanellus personatus,,Masked Pewit,Vanellus miles,Vanellus miles,Masked Lapwing,manual,high,yes,,,
VI,11,birdsAustraliav6Goul,52,Sarciophorus pectoralis,,Black-breasted Pewit,Vanellus tricolor,Vanellus tricolor,Banded Lapwing,manual,high,yes,,,
VI,12,birdsAustraliav6Goul,56,Squatarola helvetica,,Grey Plover,Pluvialis squatarola,Pluvialis squatarola,Black-bellied Plover,manual,high,yes,yes,yes,
VI,13,birdsAustraliav6Goul,60,Charadrius xanthocheilus,,Australian Golden Plover,Pluvialis fulva,Pluvialis fulva,Pacific Golden-Plover,manual,high,yes,,,
VI,14,birdsAustraliav6Goul,64,Charadrius veredus,,Brown Plover,Charadrius veredus,Charadrius veredus,Oriental Plover,exact,high,yes,,,
VI,15,birdsAustraliav6Goul,68,Eudromias australis,,Australian Dottrel,Peltohyas australis,,,manual,high,no,,,
VI,16,birdsAustraliav6Goul,72,Hiaticula bicincta,,Double-banded Dottrel,Charadrius bicinctus,Charadrius bicinctus,Double-banded Plover,epithet+noun,medium,yes,,,
VI,17,birdsAustraliav6Goul,76,Hiaticula ruficapilla,,Red-capped Dottrel,Charadrius ruficapillus,,,manual,high,no,,,
VI,18,birdsAustraliav6Goul,80,Hiaticula monacha,,Hooded Dottrel,Thinornis cucullatus,,,manual,high,no,,,
VI,19,birdsAustraliav6Goul,84,Hiaticula inornata,,Allied Dottrel,,,,unresolved,,no,,,
VI,20,birdsAustraliav6Goul,88,Hiaticula nigrifrons,,Black-fronted Dottrel,Elseyornis melanops,Elseyornis melanops,Black-fronted Dotterel,common-name,high,yes,,,
VI,21,birdsAustraliav6Goul,92,Erythrogonys cinctus,,Banded Red Knee,Erythrogonys cinctus,,,manual,high,no,,,
VI,22,birdsAustraliav6Goul,96,Glareola grallaria,,Australian Pratincole,Stiltia isabella,,,manual,high,no,,,
VI,23,birdsAustraliav6Goul,100,Glareola orientalis,,Oriental Pratincole,Glareola maldivarum,Glareola maldivarum,Oriental Pratincole,common-name,high,yes,,,
VI,24,birdsAustraliav6Goul,104,Himantopus leucocephalus,,White-headed Stilt,Himantopus leucocephalus,Himantopus leucocephalus,Pied Stilt,exact,high,yes,,,
VI,25,birdsAustraliav6Goul,108,Himantopus Novae-Zelandiae,,New Zealand Stilt,Himantopus novaezelandiae,,,manual,high,no,,,
VI,26,birdsAustraliav6Goul,112,Cladorhynchus pectoralis,,Banded Stilt,Cladorhynchus leucocephalus,,,manual,high,no,,,
VI,27,birdsAustraliav6Goul,116,Recurvirostra rubricollis,,Red-necked Avocet,Recurvirostra novaehollandiae,,,manual,high,no,,,
VI,28,birdsAustraliav6Goul,120,Limosa melanuroides,,Black-tailed Godwit,Limosa limosa,Limosa limosa,Black-tailed Godwit,common-name,high,yes,,yes,
VI,29,birdsAustraliav6Goul,124,Limosa uropygialis,,Barred-rumped Godwit,Limosa lapponica,Limosa lapponica,Bar-tailed Godwit,manual,high,yes,,yes,
VI,30,birdsAustraliav6Goul,128,Schoeniclus australis,,Australian Tringa,Calidris acuminata,Calidris acuminata,Sharp-tailed Sandpiper,manual,high,yes,,,
VI,31,birdsAustraliav6Goul,132,Schoeniclus albescens,,Little Sandpiper,Calidris ruficollis,Calidris ruficollis,Red-necked Stint,manual,high,yes,,,
VI,32,birdsAustraliav6Goul,136,Schoeniclus subarquatus,,Curlew Sandpiper,Calidris ferruginea,Calidris ferruginea,Curlew Sandpiper,common-name,high,yes,yes,yes,
VI,33,birdsAustraliav6Goul,140,Schoeniclus magnus,,Great Sandpiper,Calidris tenuirostris,Calidris tenuirostris,Great Knot,manual,high,yes,,,
VI,34,birdsAustraliav6Goul,144,Terekia cinerea,,Terek Godwit,Xenus cinereus,Xenus cinereus,Terek Sandpiper,manual,high,yes,,yes,
VI,35,birdsAustraliav6Goul,148,Actitis empusa,,Fairy Sandpiper,Actitis hypoleucos,Actitis hypoleucos,Common Sandpiper,manual,high,yes,,yes,
VI,36,birdsAustraliav6Goul,152,Glottis glottoides,,Australian Greenshank,Tringa nebularia,Tringa nebularia,Common Greenshank,manual,high,yes,yes,yes,
VI,37,birdsAustraliav6Goul,156,Totanus stagnatilis,,Marsh Sandpiper,Tringa stagnatilis,Tringa stagnatilis,Marsh Sandpiper,common-name,high,yes,,yes,
VI,38,birdsAustraliav6Goul,160,Totanus griseopygius,,Grey-rumped Sandpiper,Tringa brevipes,Tringa brevipes,Gray-tailed Tattler,manual,high,yes,,,
VI,39,birdsAustraliav6Goul,164,Strepsilas interpres,,Turnstone,Arenaria interpres,Arenaria interpres,Ruddy Turnstone,epithet+noun,medium,yes,yes,yes,
VI,40,birdsAustraliav6Goul,168,Scolopax australis,,New Holland Snipe,Gallinago hardwickii,Gallinago hardwickii,Latham's Snipe,manual,high,yes,,,
VI,41,birdsAustraliav6Goul,172,Rhynchaea australis,,Australian Rhynchaea,Rostratula australis,,,manual,high,no,,,
VI,42,birdsAustraliav6Goul,176,Numenius australis,,Australian Curlew,Numenius madagascariensis,Numenius madagascariensis,Far Eastern Curlew,manual,high,yes,,,
VI,43,birdsAustraliav6Goul,180,Numenius uropygialis,,Australian Whimbrel,Numenius phaeopus,Numenius phaeopus,Whimbrel,manual,high,yes,yes,yes,
VI,44,birdsAustraliav6Goul,184,Numenius minutus,,Little Whimbrel,Numenius minutus,Numenius minutus,Little Curlew,exact,high,yes,,,
VI,45,birdsAustraliav6Goul,188,Geronticus spinicollis,,Straw-necked Ibis,Threskiornis spinicollis,,,manual,high,no,,,
VI,46,birdsAustraliav6Goul,192,Threskiornis strictipennis,,White Ibis,Threskiornis molucca,Threskiornis molucca,Australian Ibis,manual,high,yes,,,
VI,47,birdsAustraliav6Goul,196,Falcinellus igneus,,Glossy Ibis,Plegadis falcinellus,Plegadis falcinellus,Glossy Ibis,common-name,high,yes,yes,yes,
VI,48,birdsAustraliav6Goul,200,Grus australasianus,,Australian Crane,Antigone rubicunda,Antigone rubicunda,Brolga,manual,high,yes,,,
VI,49,birdsAustraliav6Goul,204,Platalea flavipes,,Yellow-legged Spoonbill,Platalea flavipes,,,manual,high,no,,,
VI,50,birdsAustraliav6Goul,208,Platalea regia,,Royal Spoonbill,Platalea regia,,,manual,high,no,,,
VI,51,birdsAustraliav6Goul,212,Mycteria australis,,Australian Mycteria,Ephippiorhynchus asiaticus,,,manual,high,no,,,
VI,52,birdsAustraliav6Goul,216,Ardea pacifica,,Pacific Heron,Ardea pacifica,,,manual,high,no,,,
VI,53,birdsAustraliav6Goul,220,Ardea Novae-Hollandiae,,White-fronted Heron,Egretta novaehollandiae,Egretta novaehollandiae,White-faced Heron,manual,high,yes,,,
VI,54,birdsAustraliav6Goul,224,Ardea rectirostris,,Great-billed Heron,Ardea sumatrana,Ardea sumatrana,Great-billed Heron,common-name,high,yes,,,
VI,55,birdsAustraliav6Goul,228,Ardea leucophaea,,Great Grey Heron,,,,unresolved,,no,,,
VI,56,birdsAustraliav6Goul,232,Herodias syrmatophorus,,Australian Egret,Ardea alba,Ardea alba,Great Egret,manual,high,yes,yes,yes,
VI,57,birdsAustraliav6Goul,236,Herodias plumiferus,,Plumed Egret,Ardea intermedia,Ardea intermedia,Intermediate Egret,manual,high,yes,,,
VI,58,birdsAustraliav6Goul,240,Herodias immaculata,,Spotless Egret,Egretta garzetta,Egretta garzetta,Little Egret,manual,high,yes,,yes,
VI,59,birdsAustraliav6Goul,244,Herodias pannosus,,Sombre Egret,,,,unresolved,,no,,,
VI,60,birdsAustraliav6Goul,248,Herodias jugularis,,Blue Reef Heron,Egretta sacra,Egretta sacra,Pacific Reef-Heron,manual,high,yes,,,
VI,61,birdsAustraliav6Goul,252,Herodias Greyi,,White Reef Heron,Egretta sacra,Egretta sacra,Pacific Reef-Heron,manual,high,yes,,,
VI,62,birdsAustraliav6Goul,256,Herodias picata,,Pied Egret,Egretta picata,,,manual,high,no,,,
VI,63,birdsAustraliav6Goul,260,Nycticorax caledonicus,,Nankeen Night Heron,Nycticorax caledonicus,,,manual,high,no,,,
VI,64,birdsAustraliav6Goul,264,Botaurus australis,,Australian Bittern,Botaurus poiciloptilus,,,manual,high,no,,,
VI,65,birdsAustraliav6Goul,268,Ardetta flavicollis,,Yellow-necked Bittern,Ixobrychus flavicollis,Ixobrychus flavicollis,Black Bittern,manual,high,yes,,,
VI,66,birdsAustraliav6Goul,272,Ardetta macrorhyncha,,Thick-billed Green Bittern,Butorides striata,Butorides striata,Striated Heron,manual,high,yes,yes,,
VI,67,birdsAustraliav6Goul,276,Ardetta stagnatilis,,Little Grey Bittern,Butorides striata,Butorides striata,Striated Heron,manual,medium,yes,yes,,
VI,68,birdsAustraliav6Goul,280,Ardetta pusilla,,Minute Bittern,Ixobrychus dubius,Ixobrychus dubius,Black-backed Bittern,manual,high,yes,,,
VI,69,birdsAustraliav6Goul,284,Porphyrio melanotus,,Black-backed Porphyrio,Porphyrio melanotus,Porphyrio melanotus,Australasian Swamphen,exact,high,yes,,,
VI,70,birdsAustraliav6Goul,288,Porphyrio bellus,,Azure-breasted Porphyrio,Porphyrio melanotus,Porphyrio melanotus,Australasian Swamphen,manual,high,yes,,,
VI,71,birdsAustraliav6Goul,292,Tribonyx Mortierii,,Mortier's Tribonyx,Tribonyx mortierii,Tribonyx mortierii,Tasmanian Nativehen,exact,high,yes,,,
VI,72,birdsAustraliav6Goul,296,Tribonyx ventralis,,Black-tailed Tribonyx,Tribonyx ventralis,Tribonyx ventralis,Black-tailed Nativehen,exact,high,yes,,,
VI,73,birdsAustraliav6Goul,300,Gallinula tenebrosa,,Sombre Gallinule,Gallinula tenebrosa,Gallinula tenebrosa,Dusky Moorhen,exact,high,yes,,,
VI,74,birdsAustraliav6Goul,304,Fulica australis,,Australian Coot,Fulica atra,Fulica atra,Eurasian Coot,manual,high,yes,,yes,
VI,75,birdsAustraliav6Goul,308,Parra gallinacea,,Gallinaceous Parra,Irediparra gallinacea,,,manual,high,no,,,
VI,76,birdsAustraliav6Goul,312,Rallus pectoralis,,Pectoral Rail,Gallirallus philippensis,Gallirallus philippensis,Buff-banded Rail,manual,medium,yes,,,
VI,77,birdsAustraliav6Goul,316,Rallus Lewinii,,Lewin's Water Rail,Lewinia pectoralis,Lewinia pectoralis,Lewin's Rail,manual,medium,yes,,,
VI,78,birdsAustraliav6Goul,320,Eulabeornis castaneoventris,,Chestnut-bellied Rail,Eulabeornis castaneoventris,,,manual,high,no,,,
VI,79,birdsAustraliav6Goul,324,Porzana fluminea,,Spotted Water Crake,Porzana fluminea,,,manual,high,no,,,
VI,80,birdsAustraliav6Goul,328,Porzana palustris,,Water Crake,Zapornia pusilla,Zapornia pusilla,Baillon's Crake,manual,high,yes,,yes,
VI,81,birdsAustraliav6Goul,332,Porzana leucophrys,,White-eyebrowed Water Crake,Amaurornis cinerea,,,manual,high,no,,,
VI,82,birdsAustraliav6Goul,336,Porzana immaculata,,Spotless Gallinule,Zapornia tabuensis,Zapornia tabuensis,Spotless Crake,manual,high,yes,,,
VII,1,birdsAustraliav7Goul,12,Cereopsis Novae-Hollandiae,,Cereopsis Goose,Cereopsis novaehollandiae,,,manual,high,no,,,
VII,2,birdsAustraliav7Goul,16,Anseranas melanoleuca,,Semipalmated Goose,Anseranas semipalmata,Anseranas semipalmata,Magpie Goose,manual,high,yes,,,
VII,3,birdsAustraliav7Goul,20,Bernicla jubata,,Maned Goose,Chenonetta jubata,Chenonetta jubata,Maned Duck,manual,high,yes,,,
VII,4,birdsAustraliav7Goul,24,Nettapus pulchellus,,Beautiful Pygmy Goose,Nettapus pulchellus,,,manual,high,no,,,
VII,5,birdsAustraliav7Goul,28,Nettapus coromandelianus,,Pygmy Goose,Nettapus coromandelianus,Nettapus coromandelianus,Cotton Pygmy-Goose,exact,high,yes,,,
VII,6,birdsAustraliav7Goul,32,Cygnus atratus,,Black Swan,Cygnus atratus,Cygnus atratus,Black Swan,exact,high,yes,,,
VII,7,birdsAustraliav7Goul,36,Casarca tadornoides,,Chestnut-coloured Shieldrake,Tadorna tadornoides,Tadorna tadornoides,Australian Shelduck,epithet+noun,medium,yes,,,
VII,8,birdsAustraliav7Goul,40,Tadorna radjah,,Radjah Shieldrake,Radjah radjah,Radjah radjah,Radjah Shelduck,epithet+noun,medium,yes,,,
VII,9,birdsAustraliav7Goul,44,Anas superciliosa,,Australian Wild Duck,Anas superciliosa,Anas superciliosa,Pacific Black Duck,exact,high,yes,,,
VII,10,birdsAustraliav7Goul,48,Anas naevosa,,Freckled Duck,Stictonetta naevosa,,,manual,high,no,,,
VII,11,birdsAustraliav7Goul,52,Anas punctata,,Chestnut-breasted Duck,Anas castanea,Anas castanea,Chestnut Teal,manual,high,yes,,,
VII,12,birdsAustraliav7Goul,56,Spatula rhynchotis,,Australian Shoveller,Spatula rhynchotis,,,manual,high,no,,,
VII,13,birdsAustraliav7Goul,60,Malacorhynchus membranaceus,,Membranaceous Duck,Malacorhynchus membranaceus,Malacorhynchus membranaceus,Pink-eared Duck,exact,high,yes,,,
VII,14,birdsAustraliav7Goul,64,Dendrocygna arcuata,,Whistling Duck,Dendrocygna arcuata,Dendrocygna arcuata,Wandering Whistling-Duck,exact,high,yes,,,
VII,15,birdsAustraliav7Goul,68,Leptotarsis Eytoni,,Eyton's Duck,Dendrocygna eytoni,Dendrocygna eytoni,Plumed Whistling-Duck,epithet+noun,medium,yes,,,
VII,16,birdsAustraliav7Goul,72,Nyroca australis,,White-eyed Duck,Aythya australis,,,manual,high,no,,,
VII,17,birdsAustraliav7Goul,76,Erismatura australis,,Blue-billed Duck,Oxyura australis,,,manual,high,no,,,
VII,18,birdsAustraliav7Goul,80,Biziura lobata,,Musk Duck,Biziura lobata,Biziura lobata,Musk Duck,exact,high,yes,,,
VII,19,birdsAustraliav7Goul,84,Larus pacificus,,Pacific Gull,Larus pacificus,,,manual,high,no,,,
VII,20,birdsAustraliav7Goul,88,Xema Jamesonii,,Jameson's Gull,Chroicocephalus novaehollandiae,Chroicocephalus novaehollandiae,Silver Gull,manual,high,yes,,,
VII,21,birdsAustraliav7Goul,92,Lestris catarractes,,Skua Gull,Stercorarius antarcticus,Stercorarius antarcticus,Brown Skua,manual,high,yes,,,
VII,22,birdsAustraliav7Goul,96,Sylochelidon strenuus,,Powerful Tern,Hydroprogne caspia,Hydroprogne caspia,Caspian Tern,manual,high,yes,yes,yes,
VII,23,birdsAustraliav7Goul,100,Thalasseus pelecanoides,,Torres' Straits Tern,Thalasseus bergii,Thalasseus bergii,Great Crested Tern,manual,high,yes,,,
VII,24,birdsAustraliav7Goul,104,Thalasseus poliocercus,,Bass's Straits Tern,Thalasseus bergii,Thalasseus bergii,Great Crested Tern,manual,high,yes,,,
VII,25,birdsAustraliav7Goul,108,Thalasseus Torresii,,Torres' Tern,Thalasseus bengalensis,Thalasseus bengalensis,Lesser Crested Tern,manual,high,yes,,,
VII,26,birdsAustraliav7Goul,112,Sterna melanorhyncha,,Black-billed Tern,,,,unresolved,,no,,,
VII,27,birdsAustraliav7Goul,116,Sterna gracilis,,Graceful Tern,Sterna dougallii,Sterna dougallii,Roseate Tern,manual,high,yes,yes,yes,
VII,28,birdsAustraliav7Goul,120,Sterna melanauchen,,Black-naped Tern,Sterna sumatrana,Sterna sumatrana,Black-naped Tern,common-name,high,yes,,,
VII,29,birdsAustraliav7Goul,124,Sternula nereis,,Australian Little Tern,Sternula nereis,,,manual,high,no,,,
VII,30,birdsAustraliav7Goul,128,Gygis candida,,White Tern,Gygis alba,Gygis alba,White Tern,common-name,high,yes,,,
VII,31,birdsAustraliav7Goul,132,Hydrochelidon fluviatilis,,Marsh Tern,Chlidonias hybrida,Chlidonias hybrida,Whiskered Tern,manual,high,yes,,yes,
VII,32,birdsAustraliav7Goul,136,Onychoprion fuliginosus,,Sooty Tern,Onychoprion fuscatus,Onychoprion fuscatus,Sooty Tern,common-name,high,yes,yes,,
VII,33,birdsAustraliav7Goul,140,Onychoprion panaya,,Panayan Tern,Onychoprion anaethetus,Onychoprion anaethetus,Bridled Tern,manual,high,yes,,,
VII,34,birdsAustraliav7Goul,144,Anous stolidus,,Noddy Tern,Anous stolidus,Anous stolidus,Brown Noddy,exact,high,yes,yes,yes,
VII,35,birdsAustraliav7Goul,148,Anous melanops,,Lesser Noddy,Anous tenuirostris,Anous tenuirostris,Lesser Noddy,common-name,high,yes,,,
VII,36,birdsAustraliav7Goul,152,Anous leucocapillus,,White-capped Tern,Anous minutus,Anous minutus,Black Noddy,manual,high,yes,,,
VII,37,birdsAustraliav7Goul,156,Anous cinereus,,Grey Noddy,Anous albivitta,,,manual,high,no,,,
VII,38,birdsAustraliav7Goul,160,Diomedea exulans,,Wandering Albatros,Diomedea exulans,Diomedea exulans,Wandering Albatross,exact,high,yes,,,
VII,39,birdsAustraliav7Goul,164,Diomedea brachyura,,Short-tailed Albatros,Phoebastria albatrus,,,manual,high,no,,,
VII,40,birdsAustraliav7Goul,168,Diomedea cauta,,Cautious Albatros,Thalassarche cauta,,,manual,high,no,,,
VII,41,birdsAustraliav7Goul,172,Diomedea culminata,,Culminated Albatros,Thalassarche chrysostoma,,,manual,high,no,,,
VII,42,birdsAustraliav7Goul,176,Diomedea chlororhynchos,,Yellow-billed Albatros,Thalassarche chlororhynchos,,,manual,high,no,,,
VII,43,birdsAustraliav7Goul,180,Diomedea melanophrys,,Black-eyebrowed Albatros,Thalassarche melanophris,Thalassarche melanophris,Black-browed Albatross,manual,high,yes,,,
VII,44,birdsAustraliav7Goul,184,Diomedea fuliginosa,,Sooty Albatros,Phoebetria palpebrata,,,manual,high,no,,,
VII,45,birdsAustraliav7Goul,188,Procellaria gigantea,,Giant Petrel,Macronectes giganteus,,,manual,high,no,,,
VII,46,birdsAustraliav7Goul,192,Procellaria conspicillata,,Spectacled Petrel,Procellaria conspicillata,,,manual,high,no,,,
VII,47,birdsAustraliav7Goul,196,Procellaria hasitata,,Great Grey Petrel,Procellaria cinerea,,,manual,high,no,,,
VII,48,birdsAustraliav7Goul,200,Procellaria glacialoides,,Silvery Grey Petrel,Fulmarus glacialoides,,,manual,high,no,,,
VII,49,birdsAustraliav7Goul,204,Procellaria Lessonii,,White-headed Petrel,Pterodroma lessonii,,,manual,high,no,,,
VII,50,birdsAustraliav7Goul,208,Procellaria mollis,,Soft-plumaged Petrel,Pterodroma mollis,,,manual,high,no,,,
VII,51,birdsAustraliav7Goul,212,Procellaria Cookii,,Cook's Petrel,Pterodroma cookii,Pterodroma cookii,Cook's Petrel,common-name,high,yes,,,
VII,52,birdsAustraliav7Goul,216,Procellaria coerulea,,Blue Petrel,Halobaena caerulea,,,manual,high,no,,,
VII,53,birdsAustraliav7Goul,220,Daption capensis,,Cape Petrel,Daption capense,Daption capense,Cape Petrel,common-name,high,yes,,,
VII,54,birdsAustraliav7Goul,224,Prion turtur,,Dove-like Prion,Pachyptila turtur,,,manual,high,no,,,
VII,55,birdsAustraliav7Goul,228,Prion vittatus,,Broad-billed Prion,Pachyptila vittata,,,manual,high,no,,,
VII,56,birdsAustraliav7Goul,232,Puffinus brevicaudus,,Short-tailed Petrel,Ardenna tenuirostris,Ardenna tenuirostris,Short-tailed Shearwater,manual,high,yes,,,
VII,57,birdsAustraliav7Goul,236,Puffinus carneipes,,Fleshy-footed Petrel,Ardenna carneipes,Ardenna carneipes,Flesh-footed Shearwater,epithet+noun,medium,yes,,,
VII,58,birdsAustraliav7Goul,240,Puffinus sphenurus,,Wedge-tailed Petrel,Ardenna pacifica,Ardenna pacifica,Wedge-tailed Shearwater,manual,high,yes,,,
VII,59,birdsAustraliav7Goul,244,Puffinus assimilis,,Allied Petrel,Puffinus assimilis,,,manual,high,no,,,
VII,60,birdsAustraliav7Goul,248,Puffinuria urinatrix,,Diving Petrel,Pelecanoides urinatrix,,,manual,high,no,,,
VII,61,birdsAustraliav7Goul,252,Thalassidroma marina,,White-faced Storm Petrel,Pelagodroma marina,,,manual,high,no,,,
VII,62,birdsAustraliav7Goul,256,Thalassidroma melanogaster,,Black-bellied Storm Petrel,Fregetta tropica,,,manual,high,no,,,
VII,63,birdsAustraliav7Goul,260,Thalassidroma leucogaster,,White-bellied Storm Petrel,Fregetta grallaria,,,manual,high,no,,,
VII,64,birdsAustraliav7Goul,264,Thalassidroma nereis,,Grey-backed Storm Petrel,Garrodia nereis,,,manual,high,no,,,
VII,65,birdsAustraliav7Goul,268,Thalassidroma Wilsonii,,Wilson's Storm Petrel,Oceanites oceanicus,,,manual,high,no,,,
VII,66,birdsAustraliav7Goul,272,Phalacrocorax carboides,,Australian Cormorant,Phalacrocorax carbo,Phalacrocorax carbo,Great Cormorant,manual,high,yes,yes,yes,
VII,67,birdsAustraliav7Goul,276,Phalacrocorax sulcirostris,,Groove-billed Cormorant,Phalacrocorax sulcirostris,,,manual,high,no,,,
VII,68,birdsAustraliav7Goul,280,Phalacrocorax hypoleucus,,Pied Cormorant,Phalacrocorax varius,,,manual,high,no,,,
VII,69,birdsAustraliav7Goul,284,Phalacrocorax leucogaster,,White-breasted Cormorant,,,,unresolved,,no,,,
VII,70,birdsAustraliav7Goul,288,Phalacrocorax melanoleucus,,Pied Cormorant,Microcarbo melanoleucos,,,manual,high,no,,,
VII,71,birdsAustraliav7Goul,292,Phalacrocorax punctatus,,Spotted Cormorant,Phalacrocorax punctatus,,,manual,high,no,,,
VII,72,birdsAustraliav7Goul,296,Attagen Ariel,,Small Frigate Bird,Fregata ariel,Fregata ariel,Lesser Frigatebird,epithet+noun,medium,yes,,,
VII,73,birdsAustraliav7Goul,300,Phaeton phoenicurus,,Red-tailed Tropic Bird,Phaethon rubricauda,Phaethon rubricauda,Red-tailed Tropicbird,manual,high,yes,,,
VII,74,birdsAustraliav7Goul,304,Pelecanus conspicillatus,,Australian Pelican,Pelecanus conspicillatus,Pelecanus conspicillatus,Australian Pelican,exact,high,yes,,,
VII,75,birdsAustraliav7Goul,308,Plotus Novae-Hollandiae,,New Holland Darter,Anhinga novaehollandiae,Anhinga novaehollandiae,Australasian Darter,manual,high,yes,,,
VII,76,birdsAustraliav7Goul,312,Sula australis,,Australian Gannet,Morus serrator,,,manual,high,no,,,
VII,77,birdsAustraliav7Goul,316,Sula personata,,Masked Gannet,Sula dactylatra,Sula dactylatra,Masked Booby,manual,high,yes,,,
VII,78,birdsAustraliav7Goul,320,Sula fusca,,Brown Gannet,Sula leucogaster,Sula leucogaster,Brown Booby,manual,high,yes,yes,,
VII,79,birdsAustraliav7Goul,324,Sula piscator,,Red-legged Gannet,Sula sula,Sula sula,Red-footed Booby,manual,high,yes,,,
VII,80,birdsAustraliav7Goul,328,Podiceps australis,,Australian Tippet Grebe,Podiceps cristatus,Podiceps cristatus,Great Crested Grebe,manual,high,yes,yes,yes,
VII,81,birdsAustraliav7Goul,332,Podiceps gularis,,Black-throated Grebe,Tachybaptus novaehollandiae,Tachybaptus novaehollandiae,Australasian Grebe,manual,high,yes,,,
VII,82,birdsAustraliav7Goul,336,Podiceps poliocephalus,,Hoary-headed Grebe,Poliocephalus poliocephalus,,,manual,high,no,,,
VII,83,birdsAustraliav7Goul,340,Eudyptes chrysocome,,Crested Penguin,Eudyptes chrysocome,Eudyptes chrysocome,Southern Rockhopper Penguin,exact,high,yes,,,
VII,84,birdsAustraliav7Goul,344,Spheniscus minor,,Little Penguin,Eudyptula minor,Eudyptula minor,Little Penguin,common-name,high,yes,,,
VII,85,birdsAustraliav7Goul,348,Spheniscus undina,,Fairy Penguin,Eudyptula minor,Eudyptula minor,Little Penguin,manual,high,yes,,,
Supp,1,birdsAustraliasSuppGoul,16,Strix candida,,Grass-Owl,Tyto longimembris,,,manual,high,no,,,
Supp,2,birdsAustraliasSuppGoul,20,Sceloglaux albifacies,,Wekau,Sceloglaux albifacies,,,manual,high,no,,,
Supp,3,birdsAustraliasSuppGoul,24,Podargus papuensis,,Papuan Podargus,Podargus papuensis,,,manual,high,no,,,
Supp,4,birdsAustraliasSuppGoul,28,Podargus marmoratus,,Marbled Podargus,Podargus ocellatus,Podargus ocellatus,Marbled Frogmouth,manual,high,yes,,,
Supp,5,birdsAustraliasSuppGoul,32,Halcyon flavirostris,,Yellow-billed Kingfisher,Syma torotoro,Syma torotoro,Yellow-billed Kingfisher,common-name,high,yes,,,
Supp,6,birdsAustraliasSuppGoul,36,Tanysiptera Sylvia,,White-tailed Tanysiptera,Tanysiptera sylvia,Tanysiptera sylvia,Buff-breasted Paradise-Kingfisher,exact,high,yes,,,
Supp,7,birdsAustraliasSuppGoul,40,Artamus melanops,,Black-faced Wood-Swallow,Artamus cinereus,Artamus cinereus,Black-faced Woodswallow,common-name,high,yes,,,
Supp,8,birdsAustraliasSuppGoul,44,Pardalotus xanthopygius,,Yellow-rumped Pardalote,Pardalotus punctatus,Pardalotus punctatus,Spotted Pardalote,manual,high,yes,,,
Supp,9,birdsAustraliasSuppGoul,48,Manucodia Keraudreni,,Keraudren's Crow-Shrike,Phonygammus keraudrenii,Phonygammus keraudrenii,Trumpet Manucode,manual,high,yes,,,
Supp,10,birdsAustraliasSuppGoul,52,Arses Kaupi,,Kaup's Flycatcher,Arses kaupi,,,manual,high,no,,,
Supp,11,birdsAustraliasSuppGoul,56,Machaerirhynchus flaviventer,,Yellow-breasted Flycatcher,Machaerirhynchus flaviventer,Machaerirhynchus flaviventer,Yellow-breasted Boatbill,exact,high,yes,,,
Supp,12,birdsAustraliasSuppGoul,60,Monarcha leucotis,,White-eared Flycatcher,Carterornis leucotis,Carterornis leucotis,White-eared Monarch,manual,high,yes,,,
Supp,13,birdsAustraliasSuppGoul,64,Monarcha albiventris,,White-bellied Flycatcher,,,,unresolved,,no,,,
Supp,14,birdsAustraliasSuppGoul,68,Gerygone personata,,Masked Gerygone,Gerygone palpebrosa,Gerygone palpebrosa,Fairy Gerygone,manual,high,yes,,,
Supp,15,birdsAustraliasSuppGoul,72,Petroica cerviniventris,,Buff-sided Robin,,,,unresolved,,no,,,
Supp,16,birdsAustraliasSuppGoul,76,Drymodes superciliaris,,Eastern Scrub-Robin,Drymodes superciliaris,,,manual,high,no,,,
Supp,17,birdsAustraliasSuppGoul,80,Eopsaltria capito,,Large-headed Robin,Tregellasia capito,Tregellasia capito,Pale-yellow Robin,epithet+noun,medium,yes,,,
Supp,18,birdsAustraliasSuppGoul,84,Eopsaltria leucura,,White-tailed Robin,,,,rejected,,no,,,
Supp,19,birdsAustraliasSuppGoul,88,Menura Alberti,,Albert Lyre-Bird,Menura alberti,Menura alberti,Albert's Lyrebird,exact,high,yes,,,
Supp,20,birdsAustraliasSuppGoul,92,Malurus coronatus,,Crowned Wren,Malurus coronatus,,,manual,high,no,,,
Supp,21,birdsAustraliasSuppGoul,96,Malurus amabilis,,Lovely Wren,Malurus amabilis,Malurus amabilis,Lovely Fairywren,exact,high,yes,,,
Supp,22,birdsAustraliasSuppGoul,100,Malurus hypoleucus,,Fawn-breasted Superb Warbler,,,,unresolved,,no,,,
Supp,23,birdsAustraliasSuppGoul,104,Malurus callainus,,Turquoisine Superb Warbler,,,,unresolved,,no,,,
Supp,24,birdsAustraliasSuppGoul,108,Malurus leuconotus,,White-backed Superb Warbler,Malurus leucopterus,Malurus leucopterus,White-winged Fairywren,manual,high,yes,,,
Supp,25,birdsAustraliasSuppGoul,112,Sphenura Broadbenti,,Rufous-headed Bristle-Bird,Dasyornis broadbenti,Dasyornis broadbenti,Rufous Bristlebird,epithet+noun,medium,yes,,,
Supp,26,birdsAustraliasSuppGoul,116,Atrichia rufescens,,Rufescent Scrub-Bird,Atrichornis rufescens,Atrichornis rufescens,Rufous Scrub-bird,manual,high,yes,,,
Supp,27,birdsAustraliasSuppGoul,120,Pycnoptilus floccosus,,Downy Pycnoptilus,Pycnoptilus floccosus,Pycnoptilus floccosus,Pilotbird,exact,high,yes,,,
Supp,28,birdsAustraliasSuppGoul,124,Acanthiza magna,,Great Acanthiza,Acanthornis magna,,,manual,high,no,,,
Supp,29,birdsAustraliasSuppGoul,128,Pitta Mackloti,,Macklot's Pitta,,,,unresolved,,no,,,
Supp,30,birdsAustraliasSuppGoul,132,Merula poliocephala,,Grey-headed Blackbird,Turdus poliocephalus,Turdus poliocephalus,Island Thrush,manual,high,yes,,,
Supp,31,birdsAustraliasSuppGoul,136,Merula vinitincta,,Vinous-tinted Blackbird,,,,unresolved,,no,,,
Supp,32,birdsAustraliasSuppGoul,140,Cinclosoma castaneothorax,,Chestnut-breasted Ground-Thrush,Cinclosoma castaneothorax,Cinclosoma castaneothorax,Chestnut-breasted Quail-thrush,exact,high,yes,,,
Supp,33,birdsAustraliasSuppGoul,144,Aplonis metallica,,Shining Aplonis,Aplonis metallica,Aplonis metallica,Metallic Starling,exact,high,yes,,,
Supp,34,birdsAustraliasSuppGoul,148,Ptilonorhynchus Rawnsleyi,,Rawnsley's Bower-bird,,,,unresolved,,no,,,
Supp,35,birdsAustraliasSuppGoul,152,Chlamydera guttata,,Guttated Bower-bird,Chlamydera guttata,,,manual,high,no,,,
Supp,36,birdsAustraliasSuppGoul,156,Chlamydera cerviniventris,,Fawn-breasted Bower-bird,Chlamydera cerviniventris,,,manual,high,no,,,
Supp,37,birdsAustraliasSuppGoul,160,Sphecotheres flaviventris,,Yellow-bellied Sphecotheres,Sphecotheres vieilloti,Sphecotheres vieilloti,Australasian Figbird,manual,high,yes,,,
Supp,38,birdsAustraliasSuppGoul,164,Pomatorhinus ruficeps,,Chestnut-crowned Pomatorhinus,Pomatostomus ruficeps,Pomatostomus ruficeps,Chestnut-crowned Babbler,manual,high,yes,,,
Supp,39,birdsAustraliasSuppGoul,166,Ptilotis cassidix,,Helmeted Honey-eater,Lichenostomus melanops,Lichenostomus melanops,Yellow-tufted Honeyeater,manual,high,yes,,,
Supp,40,birdsAustraliasSuppGoul,170,Ptilotis fasciogularis,,Fasciated Honey-eater,Gavicalis fasciogularis,Gavicalis fasciogularis,Mangrove Honeyeater,epithet+noun,medium,yes,,,
Supp,41,birdsAustraliasSuppGoul,174,Ptilotis notata,,Yellow-spotted Honey-eater,Meliphaga notata,Meliphaga notata,Yellow-spotted Honeyeater,common-name,high,yes,,,
Supp,42,birdsAustraliasSuppGoul,178,Ptilotis filigera,,Streaked Honey-eater,,,,unresolved,,no,,,
Supp,43,birdsAustraliasSuppGoul,182,Ptilotis Cockerelli,,Cockerell's Honey-eater,Trichodere cockerelli,,,manual,high,no,,,
Supp,44,birdsAustraliasSuppGoul,186,Tropidorhynchus buceroides,,Helmeted Friar-bird,Philemon buceroides,Philemon buceroides,Helmeted Friarbird,common-name,high,yes,,,
Supp,45,birdsAustraliasSuppGoul,190,Nectarinia australis,,Australian Sun-bird,Cinnyris jugularis,Cinnyris jugularis,Olive-backed Sunbird,manual,high,yes,,,
Supp,46,birdsAustraliasSuppGoul,194,Zosterops albogularis,,White-breasted Zosterops,Zosterops albogularis,,,manual,high,no,,,
Supp,47,birdsAustraliasSuppGoul,198,Zosterops tenuirostris,,Slender-billed Zosterops,Zosterops tenuirostris,,,manual,high,no,,,
Supp,48,birdsAustraliasSuppGoul,202,Zosterops strenuus,,Robust Zosterops,Zosterops strenuus,,,manual,high,no,,,
Supp,49,birdsAustraliasSuppGoul,206,Zosterops tephropleurus,,Grey-breasted Zosterops,Zosterops lateralis,Zosterops lateralis,Silvereye,manual,high,yes,,,
Supp,50,birdsAustraliasSuppGoul,210,Ptiloris Victoriae,,Victoria Rifle-bird,Ptiloris victoriae,Ptiloris victoriae,Victoria's Riflebird,exact,high,yes,,,
Supp,51,birdsAustraliasSuppGoul,214,Ptiloris magnifica,,Magnificent Rifle-bird,Ptiloris magnificus,Ptiloris magnificus,Magnificent Riflebird,common-name,high,yes,,,
Supp,52,birdsAustraliasSuppGoul,218,Semioptera Wallacei,,Standard-Wing,Semioptera wallacii,Semioptera wallacii,Standardwing Bird-of-Paradise,manual,high,yes,,,
Supp,53,birdsAustraliasSuppGoul,222,Orthonyx Spaldingi,,Spalding's Orthonyx,Orthonyx spaldingii,Orthonyx spaldingii,Chowchilla,manual,high,yes,,,
Supp,54,birdsAustraliasSuppGoul,226,Sittella striata,,Striated Sittella,Daphoenositta chrysoptera,Daphoenositta chrysoptera,Varied Sittella,manual,high,yes,,,
Supp,55,birdsAustraliasSuppGoul,230,Cacomantis castaneiventris,,Chestnut-breasted Cuckoo,Cacomantis castaneiventris,Cacomantis castaneiventris,Chestnut-breasted Cuckoo,exact,high,yes,,,
Supp,56,birdsAustraliasSuppGoul,234,Chrysococcyx minutillus,,Little Cuckoo,Chrysococcyx minutillus,Chrysococcyx minutillus,Little Bronze-Cuckoo,exact,high,yes,,,
Supp,57,birdsAustraliasSuppGoul,238,Strigops habroptilus,,Kakapo,Strigops habroptila,,,manual,high,no,,,
Supp,58,birdsAustraliasSuppGoul,244,Nestor hypopolius,,Ka-ka Parrot,Nestor meridionalis,Nestor meridionalis,New Zealand Kaka,manual,high,yes,,,
Supp,59,birdsAustraliasSuppGoul,248,Nestor Esslingii,,Prince of Essling's Parrot,Nestor meridionalis,Nestor meridionalis,New Zealand Kaka,manual,high,yes,,,
Supp,60,birdsAustraliasSuppGoul,252,Nestor notabilis,,Kea Parrot,Nestor notabilis,,,manual,high,no,,,
Supp,61,birdsAustraliasSuppGoul,256,Microglossus aterrimus,,Great Palm-Cockatoo,Probosciger aterrimus,Probosciger aterrimus,Palm Cockatoo,manual,high,yes,,,
Supp,62,birdsAustraliasSuppGoul,260,Polytelis Alexandrae,,The Princess of Wales's Parrakeet,Polytelis alexandrae,,,manual,high,no,,,
Supp,63,birdsAustraliasSuppGoul,264,Platycercus cyanogenys,,Blue-cheeked Parrakeet,Platycercus adscitus,Platycercus adscitus,Pale-headed Rosella,manual,medium,yes,,,
Supp,64,birdsAustraliasSuppGoul,268,Psephotus chrysopterygius,,Golden-backed Parrakeet,Psephotus chrysopterygius,,,manual,high,no,,,
Supp,65,birdsAustraliasSuppGoul,272,Cyclopsitta Coxeni,,Coxen's Parrakeet,Cyclopsitta coxeni,,,manual,high,no,,,
Supp,66,birdsAustraliasSuppGoul,276,Geopsittacus occidentalis,,Nocturnal Ground-Parrakeet,Pezoporus occidentalis,,,manual,high,no,,,
Supp,67,birdsAustraliasSuppGoul,280,Carpophaga assimilis,,Allied Fruit-Pigeon,,,,unresolved,,no,,,
Supp,68,birdsAustraliasSuppGoul,284,Lophophaps ferruginea,,Rust-coloured Bronzewing,Geophaps plumifera,,,manual,high,no,,,
Supp,69,birdsAustraliasSuppGoul,288,Lophophaps leucogaster,,White-bellied Bronzewing,Geophaps plumifera,,,manual,high,no,,,
Supp,70,birdsAustraliasSuppGoul,292,Casuarius australis,,"Australian Cassowary (two heads, natural size)",Casuarius casuarius,Casuarius casuarius,Southern Cassowary,manual,high,yes,,,
Supp,71,birdsAustraliasSuppGoul,295,Casuarius australis,,Australian Cassowary (whole figure),Casuarius casuarius,Casuarius casuarius,Southern Cassowary,manual,high,yes,,,
Supp,72,birdsAustraliasSuppGoul,298,Casuarius Bennetti,,"Bennett's Cassowary (two heads, nat. size)",Casuarius bennetti,,,manual,high,no,,,
Supp,73,birdsAustraliasSuppGoul,301,Casuarius Bennetti,,Bennett's Cassowary (whole figure),Casuarius bennetti,,,manual,high,no,,,
Supp,74,birdsAustraliasSuppGoul,304,Casuarius uniappendiculatus,,"One-carunculated Cassowary (head and feet, nat. size)",Casuarius unappendiculatus,,,manual,high,no,,,
Supp,75,birdsAustraliasSuppGoul,307,Casuarius uniappendiculatus,,One-carunculated Cassowary (whole fig.),Casuarius unappendiculatus,,,manual,high,no,,,
Supp,76,birdsAustraliasSuppGoul,311,Notornis Mantelli,,Notornis,Porphyrio hochstetteri,,,manual,high,no,,,double-page foldout
Supp,77,birdsAustraliasSuppGoul,316,Actiturus Bartramius,,Bartram's Sandpiper,Bartramia longicauda,Bartramia longicauda,Upland Sandpiper,manual,high,yes,yes,yes,
Supp,78,birdsAustraliasSuppGoul,320,Rallina tricolor,,Red-necked Rail,Rallina tricolor,Rallina tricolor,Red-necked Crake,exact,high,yes,,,
Supp,79,birdsAustraliasSuppGoul,324,Gallinula ruficrissa,,Rufous-vented Gallinule,,,,unresolved,,no,,,
Supp,80,birdsAustraliasSuppGoul,328,Spatula variegata,,Variegated Shoveller,Spatula rhynchotis,,,manual,high,no,,,
Supp,81,birdsAustraliasSuppGoul,332,Gelochelidon macrotarsa,,Great-footed Tern,Gelochelidon macrotarsa,,,manual,high,no,,,
